[22:53:25] [main/INFO] (FabricLoader/GameProvider) Loading Minecraft 1.21.1 with Fabric Loader 0.16.9
[22:53:25] [main/INFO] (FabricLoader) Loading 56 mods:
	- delicate_dyes 2.0.0
	- fabric-api 0.109.0+1.21.1
	- fabric-api-base 0.4.42+6573ed8c19
	- fabric-api-lookup-api-v1 1.6.70+b559734419
	- fabric-biome-api-v1 13.0.30+be1ed2d719
	- fabric-block-api-v1 1.0.22+0af3f5a719
	- fabric-block-view-api-v2 1.0.10+6573ed8c19
	- fabric-blockrenderlayer-v1 1.1.52+0af3f5a719
	- fabric-client-tags-api-v1 1.1.15+6573ed8c19
	- fabric-command-api-v1 1.2.49+f71b366f19
	- fabric-command-api-v2 2.2.28+6ced4dd919
	- fabric-commands-v0 0.2.66+df3654b319
	- fabric-content-registries-v0 8.0.18+b559734419
	- fabric-convention-tags-v1 2.1.2+7f945d5b19
	- fabric-convention-tags-v2 2.9.2+e60e56d419
	- fabric-crash-report-info-v1 0.2.29+0af3f5a719
	- fabric-data-attachment-api-v1 1.4.0+da19b51a19
	- fabric-data-generation-api-v1 20.2.23+16c4ae2519
	- fabric-dimensions-v1 4.0.0+6fc22b9919
	- fabric-entity-events-v1 1.7.0+2122d82819
	- fabric-events-interaction-v0 0.7.13+ba9dae0619
	- fabric-game-rule-api-v1 1.0.53+6ced4dd919
	- fabric-gametest-api-v1 2.0.5+6fc22b9919
	- fabric-item-api-v1 11.1.1+d5debaed19
	- fabric-item-group-api-v1 4.1.6+6823f7cd19
	- fabric-key-binding-api-v1 1.0.47+0af3f5a719
	- fabric-keybindings-v0 0.2.45+df3654b319
	- fabric-lifecycle-events-v1 2.5.0+01d9a51c19
	- fabric-loot-api-v2 3.0.15+3f89f5a519
	- fabric-loot-api-v3 1.0.3+3f89f5a519
	- fabric-message-api-v1 6.0.13+6573ed8c19
	- fabric-model-loading-api-v1 2.0.0+fe474d6b19
	- fabric-networking-api-v1 4.3.0+c7469b2119
	- fabric-object-builder-api-v1 15.2.1+40875a9319
	- fabric-particles-v1 4.0.2+6573ed8c19
	- fabric-recipe-api-v1 5.0.13+6508971219
	- fabric-registry-sync-v0 5.1.3+60c3209b19
	- fabric-renderer-api-v1 3.4.0+c705a49c19
	- fabric-renderer-indigo 1.7.0+c705a49c19
	- fabric-renderer-registries-v1 3.2.68+df3654b319
	- fabric-rendering-data-attachment-v1 0.3.48+73761d2e19
	- fabric-rendering-fluids-v1 3.1.6+1daea21519
	- fabric-rendering-v0 1.1.71+df3654b319
	- fabric-rendering-v1 5.0.5+df16efd019
	- fabric-resource-conditions-api-v1 4.3.0+8dc279b119
	- fabric-resource-loader-v0 1.3.1+5b5275af19
	- fabric-screen-api-v1 2.0.25+8b68f1c719
	- fabric-screen-handler-api-v1 1.3.87+b559734419
	- fabric-sound-api-v1 1.0.23+6573ed8c19
	- fabric-transfer-api-v1 5.4.2+95bead5f19
	- fabric-transitive-access-wideners-v1 6.1.0+1daea21519
	- fabricloader 0.16.9
	- java 21
	- minecraft 1.21.1
	- mixinextras 0.4.1
	- runiclib 4.3.9
[22:53:25] [main/INFO] (FabricLoader/Mixin) SpongePowered MIXIN Subsystem Version=0.8.7 Source=file:/C:/Users/yirmi/.gradle/caches/modules-2/files-2.1/net.fabricmc/sponge-mixin/0.15.4+mixin.0.8.7/6a12aacc794f1078458433116e9ed42c1cc98096/sponge-mixin-0.15.4+mixin.0.8.7.jar Service=Knot/Fabric Env=CLIENT
[22:53:26] [main/INFO] (FabricLoader/Mixin) Loaded Fabric development mappings for mixin remapper!
[22:53:26] [main/INFO] (FabricLoader/Mixin) Compatibility level set to JAVA_17
[22:53:26] [main/INFO] (FabricLoader/Mixin) Compatibility level set to JAVA_21
[22:53:27] [main/INFO] (FabricLoader/MixinExtras|Service) Initializing MixinExtras via com.llamalad7.mixinextras.service.MixinExtrasServiceImpl(version=0.4.1).
[22:53:27] [Datafixer Bootstrap/INFO] (Minecraft) 226 Datafixer optimizations took 237 milliseconds
[22:53:32] [Render thread/INFO] (Minecraft) Environment: Environment[sessionHost=https://sessionserver.mojang.com, servicesHost=https://api.minecraftservices.com, name=PROD]
[22:53:32] [Render thread/INFO] (Minecraft) Setting user: Player636
[22:53:33] [Render thread/INFO] (Indigo) [Indigo] Registering Indigo renderer!
[22:53:33] [Render thread/INFO] (Minecraft) Backend library: LWJGL version 3.3.3-snapshot
[22:53:34] [Render thread/INFO] (Minecraft) Reloading ResourceManager: vanilla, fabric, delicate_dyes, fabric-api, fabric-api-base, fabric-api-lookup-api-v1, fabric-biome-api-v1, fabric-block-api-v1, fabric-block-view-api-v2, fabric-blockrenderlayer-v1, fabric-client-tags-api-v1, fabric-command-api-v1, fabric-command-api-v2, fabric-commands-v0, fabric-content-registries-v0, fabric-convention-tags-v1, fabric-convention-tags-v2, fabric-crash-report-info-v1, fabric-data-attachment-api-v1, fabric-data-generation-api-v1, fabric-dimensions-v1, fabric-entity-events-v1, fabric-events-interaction-v0, fabric-game-rule-api-v1, fabric-gametest-api-v1, fabric-item-api-v1, fabric-item-group-api-v1, fabric-key-binding-api-v1, fabric-keybindings-v0, fabric-lifecycle-events-v1, fabric-loot-api-v2, fabric-loot-api-v3, fabric-message-api-v1, fabric-model-loading-api-v1, fabric-networking-api-v1, fabric-object-builder-api-v1, fabric-particles-v1, fabric-recipe-api-v1, fabric-registry-sync-v0, fabric-renderer-api-v1, fabric-renderer-indigo, fabric-renderer-registries-v1, fabric-rendering-data-attachment-v1, fabric-rendering-fluids-v1, fabric-rendering-v0, fabric-rendering-v1, fabric-resource-conditions-api-v1, fabric-resource-loader-v0, fabric-screen-api-v1, fabric-screen-handler-api-v1, fabric-sound-api-v1, fabric-transfer-api-v1, fabric-transitive-access-wideners-v1, fabricloader, runiclib
[22:53:34] [Worker-Main-7/INFO] (Minecraft) Found unifont_all_no_pua-15.1.05.hex, loading
[22:53:34] [Worker-Main-10/INFO] (Minecraft) Found unifont_jp_patch-15.1.05.hex, loading
[22:53:35] [Worker-Main-4/WARN] (Minecraft) Exception loading blockstate definition: 'delicate_dyes:blockstates/test.json' missing model for variant: 'delicate_dyes:test#'
[22:53:35] [Worker-Main-4/WARN] (Minecraft) Exception loading blockstate definition: 'delicate_dyes:blockstates/coral_wool.json' missing model for variant: 'delicate_dyes:coral_wool#'
[22:53:35] [Worker-Main-4/WARN] (Minecraft) Exception loading blockstate definition: 'delicate_dyes:blockstates/coral_carpet.json' missing model for variant: 'delicate_dyes:coral_carpet#'
[22:53:35] [Worker-Main-4/WARN] (Minecraft) Exception loading blockstate definition: 'delicate_dyes:blockstates/coral_stained_glass.json' missing model for variant: 'delicate_dyes:coral_stained_glass#'
[22:53:35] [Worker-Main-4/WARN] (Minecraft) Exception loading blockstate definition: 'delicate_dyes:blockstates/coral_stained_glass_pane.json' missing model for variant: 'delicate_dyes:coral_stained_glass_pane#east=false,north=true,south=true,waterlogged=true,west=false'
[22:53:35] [Worker-Main-4/WARN] (Minecraft) Exception loading blockstate definition: 'delicate_dyes:blockstates/coral_stained_glass_pane.json' missing model for variant: 'delicate_dyes:coral_stained_glass_pane#east=false,north=false,south=false,waterlogged=true,west=true'
[22:53:35] [Worker-Main-4/WARN] (Minecraft) Exception loading blockstate definition: 'delicate_dyes:blockstates/coral_stained_glass_pane.json' missing model for variant: 'delicate_dyes:coral_stained_glass_pane#east=true,north=true,south=false,waterlogged=false,west=false'
[22:53:35] [Worker-Main-4/WARN] (Minecraft) Exception loading blockstate definition: 'delicate_dyes:blockstates/coral_stained_glass_pane.json' missing model for variant: 'delicate_dyes:coral_stained_glass_pane#east=true,north=true,south=false,waterlogged=true,west=false'
[22:53:35] [Worker-Main-4/WARN] (Minecraft) Exception loading blockstate definition: 'delicate_dyes:blockstates/coral_stained_glass_pane.json' missing model for variant: 'delicate_dyes:coral_stained_glass_pane#east=false,north=true,south=false,waterlogged=true,west=true'
[22:53:35] [Worker-Main-4/WARN] (Minecraft) Exception loading blockstate definition: 'delicate_dyes:blockstates/coral_stained_glass_pane.json' missing model for variant: 'delicate_dyes:coral_stained_glass_pane#east=false,north=false,south=true,waterlogged=true,west=true'
[22:53:35] [Worker-Main-4/WARN] (Minecraft) Exception loading blockstate definition: 'delicate_dyes:blockstates/coral_stained_glass_pane.json' missing model for variant: 'delicate_dyes:coral_stained_glass_pane#east=false,north=false,south=true,waterlogged=true,west=false'
[22:53:35] [Worker-Main-4/WARN] (Minecraft) Exception loading blockstate definition: 'delicate_dyes:blockstates/coral_stained_glass_pane.json' missing model for variant: 'delicate_dyes:coral_stained_glass_pane#east=false,north=true,south=false,waterlogged=false,west=false'
[22:53:35] [Worker-Main-4/WARN] (Minecraft) Exception loading blockstate definition: 'delicate_dyes:blockstates/coral_stained_glass_pane.json' missing model for variant: 'delicate_dyes:coral_stained_glass_pane#east=true,north=true,south=true,waterlogged=true,west=true'
[22:53:35] [Worker-Main-4/WARN] (Minecraft) Exception loading blockstate definition: 'delicate_dyes:blockstates/coral_stained_glass_pane.json' missing model for variant: 'delicate_dyes:coral_stained_glass_pane#east=true,north=true,south=true,waterlogged=false,west=false'
[22:53:35] [Worker-Main-4/WARN] (Minecraft) Exception loading blockstate definition: 'delicate_dyes:blockstates/coral_stained_glass_pane.json' missing model for variant: 'delicate_dyes:coral_stained_glass_pane#east=true,north=false,south=true,waterlogged=false,west=true'
[22:53:35] [Worker-Main-4/WARN] (Minecraft) Exception loading blockstate definition: 'delicate_dyes:blockstates/coral_stained_glass_pane.json' missing model for variant: 'delicate_dyes:coral_stained_glass_pane#east=true,north=false,south=false,waterlogged=false,west=true'
[22:53:35] [Worker-Main-4/WARN] (Minecraft) Exception loading blockstate definition: 'delicate_dyes:blockstates/coral_stained_glass_pane.json' missing model for variant: 'delicate_dyes:coral_stained_glass_pane#east=false,north=false,south=false,waterlogged=true,west=false'
[22:53:35] [Worker-Main-4/WARN] (Minecraft) Exception loading blockstate definition: 'delicate_dyes:blockstates/coral_stained_glass_pane.json' missing model for variant: 'delicate_dyes:coral_stained_glass_pane#east=true,north=false,south=false,waterlogged=true,west=true'
[22:53:35] [Worker-Main-4/WARN] (Minecraft) Exception loading blockstate definition: 'delicate_dyes:blockstates/coral_stained_glass_pane.json' missing model for variant: 'delicate_dyes:coral_stained_glass_pane#east=true,north=false,south=true,waterlogged=true,west=true'
[22:53:35] [Worker-Main-4/WARN] (Minecraft) Exception loading blockstate definition: 'delicate_dyes:blockstates/coral_stained_glass_pane.json' missing model for variant: 'delicate_dyes:coral_stained_glass_pane#east=false,north=true,south=false,waterlogged=false,west=true'
[22:53:35] [Worker-Main-4/WARN] (Minecraft) Exception loading blockstate definition: 'delicate_dyes:blockstates/coral_stained_glass_pane.json' missing model for variant: 'delicate_dyes:coral_stained_glass_pane#east=false,north=true,south=true,waterlogged=false,west=true'
[22:53:35] [Worker-Main-4/WARN] (Minecraft) Exception loading blockstate definition: 'delicate_dyes:blockstates/coral_stained_glass_pane.json' missing model for variant: 'delicate_dyes:coral_stained_glass_pane#east=false,north=false,south=true,waterlogged=false,west=false'
[22:53:35] [Worker-Main-4/WARN] (Minecraft) Exception loading blockstate definition: 'delicate_dyes:blockstates/coral_stained_glass_pane.json' missing model for variant: 'delicate_dyes:coral_stained_glass_pane#east=true,north=true,south=false,waterlogged=false,west=true'
[22:53:35] [Worker-Main-4/WARN] (Minecraft) Exception loading blockstate definition: 'delicate_dyes:blockstates/coral_stained_glass_pane.json' missing model for variant: 'delicate_dyes:coral_stained_glass_pane#east=false,north=true,south=true,waterlogged=false,west=false'
[22:53:35] [Worker-Main-4/WARN] (Minecraft) Exception loading blockstate definition: 'delicate_dyes:blockstates/coral_stained_glass_pane.json' missing model for variant: 'delicate_dyes:coral_stained_glass_pane#east=false,north=false,south=true,waterlogged=false,west=true'
[22:53:35] [Worker-Main-4/WARN] (Minecraft) Exception loading blockstate definition: 'delicate_dyes:blockstates/coral_stained_glass_pane.json' missing model for variant: 'delicate_dyes:coral_stained_glass_pane#east=true,north=false,south=true,waterlogged=false,west=false'
[22:53:35] [Worker-Main-4/WARN] (Minecraft) Exception loading blockstate definition: 'delicate_dyes:blockstates/coral_stained_glass_pane.json' missing model for variant: 'delicate_dyes:coral_stained_glass_pane#east=true,north=true,south=true,waterlogged=false,west=true'
[22:53:35] [Worker-Main-4/WARN] (Minecraft) Exception loading blockstate definition: 'delicate_dyes:blockstates/coral_stained_glass_pane.json' missing model for variant: 'delicate_dyes:coral_stained_glass_pane#east=true,north=false,south=true,waterlogged=true,west=false'
[22:53:35] [Worker-Main-4/WARN] (Minecraft) Exception loading blockstate definition: 'delicate_dyes:blockstates/coral_stained_glass_pane.json' missing model for variant: 'delicate_dyes:coral_stained_glass_pane#east=false,north=false,south=false,waterlogged=false,west=true'
[22:53:35] [Worker-Main-4/WARN] (Minecraft) Exception loading blockstate definition: 'delicate_dyes:blockstates/coral_stained_glass_pane.json' missing model for variant: 'delicate_dyes:coral_stained_glass_pane#east=true,north=true,south=true,waterlogged=true,west=false'
[22:53:35] [Worker-Main-4/WARN] (Minecraft) Exception loading blockstate definition: 'delicate_dyes:blockstates/coral_stained_glass_pane.json' missing model for variant: 'delicate_dyes:coral_stained_glass_pane#east=false,north=false,south=false,waterlogged=false,west=false'
[22:53:35] [Worker-Main-4/WARN] (Minecraft) Exception loading blockstate definition: 'delicate_dyes:blockstates/coral_stained_glass_pane.json' missing model for variant: 'delicate_dyes:coral_stained_glass_pane#east=true,north=true,south=false,waterlogged=true,west=true'
[22:53:35] [Worker-Main-4/WARN] (Minecraft) Exception loading blockstate definition: 'delicate_dyes:blockstates/coral_stained_glass_pane.json' missing model for variant: 'delicate_dyes:coral_stained_glass_pane#east=true,north=false,south=false,waterlogged=false,west=false'
[22:53:35] [Worker-Main-4/WARN] (Minecraft) Exception loading blockstate definition: 'delicate_dyes:blockstates/coral_stained_glass_pane.json' missing model for variant: 'delicate_dyes:coral_stained_glass_pane#east=false,north=true,south=false,waterlogged=true,west=false'
[22:53:35] [Worker-Main-4/WARN] (Minecraft) Exception loading blockstate definition: 'delicate_dyes:blockstates/coral_stained_glass_pane.json' missing model for variant: 'delicate_dyes:coral_stained_glass_pane#east=false,north=true,south=true,waterlogged=true,west=true'
[22:53:35] [Worker-Main-4/WARN] (Minecraft) Exception loading blockstate definition: 'delicate_dyes:blockstates/coral_stained_glass_pane.json' missing model for variant: 'delicate_dyes:coral_stained_glass_pane#east=true,north=false,south=false,waterlogged=true,west=false'
[22:53:35] [Worker-Main-4/WARN] (Minecraft) Exception loading blockstate definition: 'delicate_dyes:blockstates/coral_terracotta.json' missing model for variant: 'delicate_dyes:coral_terracotta#'
[22:53:35] [Worker-Main-4/WARN] (Minecraft) Exception loading blockstate definition: 'delicate_dyes:blockstates/coral_glazed_terracotta.json' missing model for variant: 'delicate_dyes:coral_glazed_terracotta#facing=north'
[22:53:35] [Worker-Main-4/WARN] (Minecraft) Exception loading blockstate definition: 'delicate_dyes:blockstates/coral_glazed_terracotta.json' missing model for variant: 'delicate_dyes:coral_glazed_terracotta#facing=south'
[22:53:35] [Worker-Main-4/WARN] (Minecraft) Exception loading blockstate definition: 'delicate_dyes:blockstates/coral_glazed_terracotta.json' missing model for variant: 'delicate_dyes:coral_glazed_terracotta#facing=east'
[22:53:35] [Worker-Main-4/WARN] (Minecraft) Exception loading blockstate definition: 'delicate_dyes:blockstates/coral_glazed_terracotta.json' missing model for variant: 'delicate_dyes:coral_glazed_terracotta#facing=west'
[22:53:35] [Worker-Main-4/WARN] (Minecraft) Exception loading blockstate definition: 'delicate_dyes:blockstates/coral_concrete.json' missing model for variant: 'delicate_dyes:coral_concrete#'
[22:53:35] [Worker-Main-4/WARN] (Minecraft) Exception loading blockstate definition: 'delicate_dyes:blockstates/coral_concrete_powder.json' missing model for variant: 'delicate_dyes:coral_concrete_powder#'
[22:53:35] [Worker-Main-4/WARN] (Minecraft) Exception loading blockstate definition: 'delicate_dyes:blockstates/coral_candle.json' missing model for variant: 'delicate_dyes:coral_candle#candles=1,lit=false,waterlogged=true'
[22:53:35] [Worker-Main-4/WARN] (Minecraft) Exception loading blockstate definition: 'delicate_dyes:blockstates/coral_candle.json' missing model for variant: 'delicate_dyes:coral_candle#candles=1,lit=true,waterlogged=false'
[22:53:35] [Worker-Main-4/WARN] (Minecraft) Exception loading blockstate definition: 'delicate_dyes:blockstates/coral_candle.json' missing model for variant: 'delicate_dyes:coral_candle#candles=3,lit=true,waterlogged=false'
[22:53:35] [Worker-Main-4/WARN] (Minecraft) Exception loading blockstate definition: 'delicate_dyes:blockstates/coral_candle.json' missing model for variant: 'delicate_dyes:coral_candle#candles=4,lit=true,waterlogged=true'
[22:53:35] [Worker-Main-4/WARN] (Minecraft) Exception loading blockstate definition: 'delicate_dyes:blockstates/coral_candle.json' missing model for variant: 'delicate_dyes:coral_candle#candles=3,lit=false,waterlogged=true'
[22:53:35] [Worker-Main-4/WARN] (Minecraft) Exception loading blockstate definition: 'delicate_dyes:blockstates/coral_candle.json' missing model for variant: 'delicate_dyes:coral_candle#candles=2,lit=true,waterlogged=true'
[22:53:35] [Worker-Main-4/WARN] (Minecraft) Exception loading blockstate definition: 'delicate_dyes:blockstates/coral_candle.json' missing model for variant: 'delicate_dyes:coral_candle#candles=2,lit=false,waterlogged=false'
[22:53:35] [Worker-Main-4/WARN] (Minecraft) Exception loading blockstate definition: 'delicate_dyes:blockstates/coral_candle.json' missing model for variant: 'delicate_dyes:coral_candle#candles=4,lit=false,waterlogged=false'
[22:53:35] [Worker-Main-4/WARN] (Minecraft) Exception loading blockstate definition: 'delicate_dyes:blockstates/coral_candle.json' missing model for variant: 'delicate_dyes:coral_candle#candles=2,lit=true,waterlogged=false'
[22:53:35] [Worker-Main-4/WARN] (Minecraft) Exception loading blockstate definition: 'delicate_dyes:blockstates/coral_candle.json' missing model for variant: 'delicate_dyes:coral_candle#candles=1,lit=true,waterlogged=true'
[22:53:35] [Worker-Main-4/WARN] (Minecraft) Exception loading blockstate definition: 'delicate_dyes:blockstates/coral_candle.json' missing model for variant: 'delicate_dyes:coral_candle#candles=2,lit=false,waterlogged=true'
[22:53:35] [Worker-Main-4/WARN] (Minecraft) Exception loading blockstate definition: 'delicate_dyes:blockstates/coral_candle.json' missing model for variant: 'delicate_dyes:coral_candle#candles=3,lit=true,waterlogged=true'
[22:53:35] [Worker-Main-4/WARN] (Minecraft) Exception loading blockstate definition: 'delicate_dyes:blockstates/coral_candle.json' missing model for variant: 'delicate_dyes:coral_candle#candles=4,lit=true,waterlogged=false'
[22:53:35] [Worker-Main-4/WARN] (Minecraft) Exception loading blockstate definition: 'delicate_dyes:blockstates/coral_candle.json' missing model for variant: 'delicate_dyes:coral_candle#candles=4,lit=false,waterlogged=true'
[22:53:35] [Worker-Main-4/WARN] (Minecraft) Exception loading blockstate definition: 'delicate_dyes:blockstates/coral_candle.json' missing model for variant: 'delicate_dyes:coral_candle#candles=1,lit=false,waterlogged=false'
[22:53:35] [Worker-Main-4/WARN] (Minecraft) Exception loading blockstate definition: 'delicate_dyes:blockstates/coral_candle.json' missing model for variant: 'delicate_dyes:coral_candle#candles=3,lit=false,waterlogged=false'
[22:53:35] [Worker-Main-4/WARN] (Minecraft) Exception loading blockstate definition: 'delicate_dyes:blockstates/coral_candle_cake.json' missing model for variant: 'delicate_dyes:coral_candle_cake#lit=false'
[22:53:35] [Worker-Main-4/WARN] (Minecraft) Exception loading blockstate definition: 'delicate_dyes:blockstates/coral_candle_cake.json' missing model for variant: 'delicate_dyes:coral_candle_cake#lit=true'
[22:53:35] [Worker-Main-4/WARN] (Minecraft) Exception loading blockstate definition: 'delicate_dyes:blockstates/coral_banner.json' missing model for variant: 'delicate_dyes:coral_banner#rotation=2'
[22:53:35] [Worker-Main-4/WARN] (Minecraft) Exception loading blockstate definition: 'delicate_dyes:blockstates/coral_banner.json' missing model for variant: 'delicate_dyes:coral_banner#rotation=3'
[22:53:35] [Worker-Main-4/WARN] (Minecraft) Exception loading blockstate definition: 'delicate_dyes:blockstates/coral_banner.json' missing model for variant: 'delicate_dyes:coral_banner#rotation=0'
[22:53:35] [Worker-Main-4/WARN] (Minecraft) Exception loading blockstate definition: 'delicate_dyes:blockstates/coral_banner.json' missing model for variant: 'delicate_dyes:coral_banner#rotation=1'
[22:53:35] [Worker-Main-4/WARN] (Minecraft) Exception loading blockstate definition: 'delicate_dyes:blockstates/coral_banner.json' missing model for variant: 'delicate_dyes:coral_banner#rotation=15'
[22:53:35] [Worker-Main-4/WARN] (Minecraft) Exception loading blockstate definition: 'delicate_dyes:blockstates/coral_banner.json' missing model for variant: 'delicate_dyes:coral_banner#rotation=13'
[22:53:35] [Worker-Main-4/WARN] (Minecraft) Exception loading blockstate definition: 'delicate_dyes:blockstates/coral_banner.json' missing model for variant: 'delicate_dyes:coral_banner#rotation=14'
[22:53:35] [Worker-Main-4/WARN] (Minecraft) Exception loading blockstate definition: 'delicate_dyes:blockstates/coral_banner.json' missing model for variant: 'delicate_dyes:coral_banner#rotation=11'
[22:53:35] [Worker-Main-4/WARN] (Minecraft) Exception loading blockstate definition: 'delicate_dyes:blockstates/coral_banner.json' missing model for variant: 'delicate_dyes:coral_banner#rotation=12'
[22:53:35] [Worker-Main-4/WARN] (Minecraft) Exception loading blockstate definition: 'delicate_dyes:blockstates/coral_banner.json' missing model for variant: 'delicate_dyes:coral_banner#rotation=10'
[22:53:35] [Worker-Main-4/WARN] (Minecraft) Exception loading blockstate definition: 'delicate_dyes:blockstates/coral_banner.json' missing model for variant: 'delicate_dyes:coral_banner#rotation=8'
[22:53:35] [Worker-Main-4/WARN] (Minecraft) Exception loading blockstate definition: 'delicate_dyes:blockstates/coral_banner.json' missing model for variant: 'delicate_dyes:coral_banner#rotation=9'
[22:53:35] [Worker-Main-4/WARN] (Minecraft) Exception loading blockstate definition: 'delicate_dyes:blockstates/coral_banner.json' missing model for variant: 'delicate_dyes:coral_banner#rotation=6'
[22:53:35] [Worker-Main-4/WARN] (Minecraft) Exception loading blockstate definition: 'delicate_dyes:blockstates/coral_banner.json' missing model for variant: 'delicate_dyes:coral_banner#rotation=7'
[22:53:35] [Worker-Main-4/WARN] (Minecraft) Exception loading blockstate definition: 'delicate_dyes:blockstates/coral_banner.json' missing model for variant: 'delicate_dyes:coral_banner#rotation=4'
[22:53:35] [Worker-Main-4/WARN] (Minecraft) Exception loading blockstate definition: 'delicate_dyes:blockstates/coral_banner.json' missing model for variant: 'delicate_dyes:coral_banner#rotation=5'
[22:53:35] [Worker-Main-4/WARN] (Minecraft) Exception loading blockstate definition: 'delicate_dyes:blockstates/coral_wall_banner.json' missing model for variant: 'delicate_dyes:coral_wall_banner#facing=north'
[22:53:35] [Worker-Main-4/WARN] (Minecraft) Exception loading blockstate definition: 'delicate_dyes:blockstates/coral_wall_banner.json' missing model for variant: 'delicate_dyes:coral_wall_banner#facing=east'
[22:53:35] [Worker-Main-4/WARN] (Minecraft) Exception loading blockstate definition: 'delicate_dyes:blockstates/coral_wall_banner.json' missing model for variant: 'delicate_dyes:coral_wall_banner#facing=south'
[22:53:35] [Worker-Main-4/WARN] (Minecraft) Exception loading blockstate definition: 'delicate_dyes:blockstates/coral_wall_banner.json' missing model for variant: 'delicate_dyes:coral_wall_banner#facing=west'
[22:53:35] [Worker-Main-4/WARN] (Minecraft) Exception loading blockstate definition: 'delicate_dyes:blockstates/coral_bed.json' missing model for variant: 'delicate_dyes:coral_bed#facing=north,occupied=true,part=head'
[22:53:35] [Worker-Main-4/WARN] (Minecraft) Exception loading blockstate definition: 'delicate_dyes:blockstates/coral_bed.json' missing model for variant: 'delicate_dyes:coral_bed#facing=north,occupied=false,part=head'
[22:53:35] [Worker-Main-4/WARN] (Minecraft) Exception loading blockstate definition: 'delicate_dyes:blockstates/coral_bed.json' missing model for variant: 'delicate_dyes:coral_bed#facing=west,occupied=false,part=head'
[22:53:35] [Worker-Main-4/WARN] (Minecraft) Exception loading blockstate definition: 'delicate_dyes:blockstates/coral_bed.json' missing model for variant: 'delicate_dyes:coral_bed#facing=east,occupied=false,part=head'
[22:53:35] [Worker-Main-4/WARN] (Minecraft) Exception loading blockstate definition: 'delicate_dyes:blockstates/coral_bed.json' missing model for variant: 'delicate_dyes:coral_bed#facing=east,occupied=false,part=foot'
[22:53:35] [Worker-Main-4/WARN] (Minecraft) Exception loading blockstate definition: 'delicate_dyes:blockstates/coral_bed.json' missing model for variant: 'delicate_dyes:coral_bed#facing=south,occupied=false,part=foot'
[22:53:35] [Worker-Main-4/WARN] (Minecraft) Exception loading blockstate definition: 'delicate_dyes:blockstates/coral_bed.json' missing model for variant: 'delicate_dyes:coral_bed#facing=west,occupied=true,part=foot'
[22:53:35] [Worker-Main-4/WARN] (Minecraft) Exception loading blockstate definition: 'delicate_dyes:blockstates/coral_bed.json' missing model for variant: 'delicate_dyes:coral_bed#facing=south,occupied=true,part=head'
[22:53:35] [Worker-Main-4/WARN] (Minecraft) Exception loading blockstate definition: 'delicate_dyes:blockstates/coral_bed.json' missing model for variant: 'delicate_dyes:coral_bed#facing=north,occupied=false,part=foot'
[22:53:35] [Worker-Main-4/WARN] (Minecraft) Exception loading blockstate definition: 'delicate_dyes:blockstates/coral_bed.json' missing model for variant: 'delicate_dyes:coral_bed#facing=north,occupied=true,part=foot'
[22:53:35] [Worker-Main-4/WARN] (Minecraft) Exception loading blockstate definition: 'delicate_dyes:blockstates/coral_bed.json' missing model for variant: 'delicate_dyes:coral_bed#facing=west,occupied=false,part=foot'
[22:53:35] [Worker-Main-4/WARN] (Minecraft) Exception loading blockstate definition: 'delicate_dyes:blockstates/coral_bed.json' missing model for variant: 'delicate_dyes:coral_bed#facing=east,occupied=true,part=head'
[22:53:35] [Worker-Main-4/WARN] (Minecraft) Exception loading blockstate definition: 'delicate_dyes:blockstates/coral_bed.json' missing model for variant: 'delicate_dyes:coral_bed#facing=west,occupied=true,part=head'
[22:53:35] [Worker-Main-4/WARN] (Minecraft) Exception loading blockstate definition: 'delicate_dyes:blockstates/coral_bed.json' missing model for variant: 'delicate_dyes:coral_bed#facing=south,occupied=false,part=head'
[22:53:35] [Worker-Main-4/WARN] (Minecraft) Exception loading blockstate definition: 'delicate_dyes:blockstates/coral_bed.json' missing model for variant: 'delicate_dyes:coral_bed#facing=south,occupied=true,part=foot'
[22:53:35] [Worker-Main-4/WARN] (Minecraft) Exception loading blockstate definition: 'delicate_dyes:blockstates/coral_bed.json' missing model for variant: 'delicate_dyes:coral_bed#facing=east,occupied=true,part=foot'
[22:53:35] [Worker-Main-4/WARN] (Minecraft) Exception loading blockstate definition: 'delicate_dyes:blockstates/coral_shulker_box.json' missing model for variant: 'delicate_dyes:coral_shulker_box#facing=east'
[22:53:35] [Worker-Main-4/WARN] (Minecraft) Exception loading blockstate definition: 'delicate_dyes:blockstates/coral_shulker_box.json' missing model for variant: 'delicate_dyes:coral_shulker_box#facing=south'
[22:53:35] [Worker-Main-4/WARN] (Minecraft) Exception loading blockstate definition: 'delicate_dyes:blockstates/coral_shulker_box.json' missing model for variant: 'delicate_dyes:coral_shulker_box#facing=north'
[22:53:35] [Worker-Main-4/WARN] (Minecraft) Exception loading blockstate definition: 'delicate_dyes:blockstates/coral_shulker_box.json' missing model for variant: 'delicate_dyes:coral_shulker_box#facing=down'
[22:53:35] [Worker-Main-4/WARN] (Minecraft) Exception loading blockstate definition: 'delicate_dyes:blockstates/coral_shulker_box.json' missing model for variant: 'delicate_dyes:coral_shulker_box#facing=up'
[22:53:35] [Worker-Main-4/WARN] (Minecraft) Exception loading blockstate definition: 'delicate_dyes:blockstates/coral_shulker_box.json' missing model for variant: 'delicate_dyes:coral_shulker_box#facing=west'
[22:53:35] [Worker-Main-4/WARN] (Minecraft) Exception loading blockstate definition: 'delicate_dyes:blockstates/canary_wool.json' missing model for variant: 'delicate_dyes:canary_wool#'
[22:53:35] [Worker-Main-4/WARN] (Minecraft) Exception loading blockstate definition: 'delicate_dyes:blockstates/canary_carpet.json' missing model for variant: 'delicate_dyes:canary_carpet#'
[22:53:35] [Worker-Main-4/WARN] (Minecraft) Exception loading blockstate definition: 'delicate_dyes:blockstates/canary_stained_glass.json' missing model for variant: 'delicate_dyes:canary_stained_glass#'
[22:53:35] [Worker-Main-4/WARN] (Minecraft) Exception loading blockstate definition: 'delicate_dyes:blockstates/canary_stained_glass_pane.json' missing model for variant: 'delicate_dyes:canary_stained_glass_pane#east=true,north=false,south=true,waterlogged=false,west=false'
[22:53:35] [Worker-Main-4/WARN] (Minecraft) Exception loading blockstate definition: 'delicate_dyes:blockstates/canary_stained_glass_pane.json' missing model for variant: 'delicate_dyes:canary_stained_glass_pane#east=false,north=true,south=true,waterlogged=false,west=true'
[22:53:35] [Worker-Main-4/WARN] (Minecraft) Exception loading blockstate definition: 'delicate_dyes:blockstates/canary_stained_glass_pane.json' missing model for variant: 'delicate_dyes:canary_stained_glass_pane#east=true,north=true,south=false,waterlogged=false,west=true'
[22:53:35] [Worker-Main-4/WARN] (Minecraft) Exception loading blockstate definition: 'delicate_dyes:blockstates/canary_stained_glass_pane.json' missing model for variant: 'delicate_dyes:canary_stained_glass_pane#east=false,north=false,south=true,waterlogged=false,west=false'
[22:53:35] [Worker-Main-4/WARN] (Minecraft) Exception loading blockstate definition: 'delicate_dyes:blockstates/canary_stained_glass_pane.json' missing model for variant: 'delicate_dyes:canary_stained_glass_pane#east=false,north=true,south=false,waterlogged=false,west=true'
[22:53:35] [Worker-Main-4/WARN] (Minecraft) Exception loading blockstate definition: 'delicate_dyes:blockstates/canary_stained_glass_pane.json' missing model for variant: 'delicate_dyes:canary_stained_glass_pane#east=false,north=true,south=true,waterlogged=true,west=true'
[22:53:35] [Worker-Main-4/WARN] (Minecraft) Exception loading blockstate definition: 'delicate_dyes:blockstates/canary_stained_glass_pane.json' missing model for variant: 'delicate_dyes:canary_stained_glass_pane#east=true,north=true,south=true,waterlogged=true,west=false'
[22:53:35] [Worker-Main-4/WARN] (Minecraft) Exception loading blockstate definition: 'delicate_dyes:blockstates/canary_stained_glass_pane.json' missing model for variant: 'delicate_dyes:canary_stained_glass_pane#east=false,north=true,south=true,waterlogged=false,west=false'
[22:53:35] [Worker-Main-4/WARN] (Minecraft) Exception loading blockstate definition: 'delicate_dyes:blockstates/canary_stained_glass_pane.json' missing model for variant: 'delicate_dyes:canary_stained_glass_pane#east=true,north=true,south=true,waterlogged=false,west=true'
[22:53:35] [Worker-Main-4/WARN] (Minecraft) Exception loading blockstate definition: 'delicate_dyes:blockstates/canary_stained_glass_pane.json' missing model for variant: 'delicate_dyes:canary_stained_glass_pane#east=true,north=false,south=false,waterlogged=true,west=true'
[22:53:35] [Worker-Main-4/WARN] (Minecraft) Exception loading blockstate definition: 'delicate_dyes:blockstates/canary_stained_glass_pane.json' missing model for variant: 'delicate_dyes:canary_stained_glass_pane#east=true,north=false,south=false,waterlogged=true,west=false'
[22:53:35] [Worker-Main-4/WARN] (Minecraft) Exception loading blockstate definition: 'delicate_dyes:blockstates/canary_stained_glass_pane.json' missing model for variant: 'delicate_dyes:canary_stained_glass_pane#east=false,north=true,south=false,waterlogged=false,west=false'
[22:53:35] [Worker-Main-4/WARN] (Minecraft) Exception loading blockstate definition: 'delicate_dyes:blockstates/canary_stained_glass_pane.json' missing model for variant: 'delicate_dyes:canary_stained_glass_pane#east=true,north=false,south=true,waterlogged=true,west=false'
[22:53:35] [Worker-Main-4/WARN] (Minecraft) Exception loading blockstate definition: 'delicate_dyes:blockstates/canary_stained_glass_pane.json' missing model for variant: 'delicate_dyes:canary_stained_glass_pane#east=false,north=false,south=false,waterlogged=false,west=false'
[22:53:35] [Worker-Main-4/WARN] (Minecraft) Exception loading blockstate definition: 'delicate_dyes:blockstates/canary_stained_glass_pane.json' missing model for variant: 'delicate_dyes:canary_stained_glass_pane#east=false,north=false,south=true,waterlogged=false,west=true'
[22:53:35] [Worker-Main-4/WARN] (Minecraft) Exception loading blockstate definition: 'delicate_dyes:blockstates/canary_stained_glass_pane.json' missing model for variant: 'delicate_dyes:canary_stained_glass_pane#east=false,north=true,south=false,waterlogged=true,west=true'
[22:53:35] [Worker-Main-4/WARN] (Minecraft) Exception loading blockstate definition: 'delicate_dyes:blockstates/canary_stained_glass_pane.json' missing model for variant: 'delicate_dyes:canary_stained_glass_pane#east=false,north=true,south=false,waterlogged=true,west=false'
[22:53:35] [Worker-Main-4/WARN] (Minecraft) Exception loading blockstate definition: 'delicate_dyes:blockstates/canary_stained_glass_pane.json' missing model for variant: 'delicate_dyes:canary_stained_glass_pane#east=true,north=false,south=false,waterlogged=false,west=false'
[22:53:35] [Worker-Main-4/WARN] (Minecraft) Exception loading blockstate definition: 'delicate_dyes:blockstates/canary_stained_glass_pane.json' missing model for variant: 'delicate_dyes:canary_stained_glass_pane#east=false,north=false,south=false,waterlogged=true,west=true'
[22:53:35] [Worker-Main-4/WARN] (Minecraft) Exception loading blockstate definition: 'delicate_dyes:blockstates/canary_stained_glass_pane.json' missing model for variant: 'delicate_dyes:canary_stained_glass_pane#east=false,north=true,south=true,waterlogged=true,west=false'
[22:53:35] [Worker-Main-4/WARN] (Minecraft) Exception loading blockstate definition: 'delicate_dyes:blockstates/canary_stained_glass_pane.json' missing model for variant: 'delicate_dyes:canary_stained_glass_pane#east=true,north=false,south=true,waterlogged=true,west=true'
[22:53:35] [Worker-Main-4/WARN] (Minecraft) Exception loading blockstate definition: 'delicate_dyes:blockstates/canary_stained_glass_pane.json' missing model for variant: 'delicate_dyes:canary_stained_glass_pane#east=false,north=false,south=false,waterlogged=true,west=false'
[22:53:35] [Worker-Main-4/WARN] (Minecraft) Exception loading blockstate definition: 'delicate_dyes:blockstates/canary_stained_glass_pane.json' missing model for variant: 'delicate_dyes:canary_stained_glass_pane#east=true,north=true,south=false,waterlogged=true,west=true'
[22:53:35] [Worker-Main-4/WARN] (Minecraft) Exception loading blockstate definition: 'delicate_dyes:blockstates/canary_stained_glass_pane.json' missing model for variant: 'delicate_dyes:canary_stained_glass_pane#east=true,north=true,south=true,waterlogged=false,west=false'
[22:53:35] [Worker-Main-4/WARN] (Minecraft) Exception loading blockstate definition: 'delicate_dyes:blockstates/canary_stained_glass_pane.json' missing model for variant: 'delicate_dyes:canary_stained_glass_pane#east=true,north=true,south=false,waterlogged=false,west=false'
[22:53:35] [Worker-Main-4/WARN] (Minecraft) Exception loading blockstate definition: 'delicate_dyes:blockstates/canary_stained_glass_pane.json' missing model for variant: 'delicate_dyes:canary_stained_glass_pane#east=true,north=false,south=false,waterlogged=false,west=true'
[22:53:35] [Worker-Main-4/WARN] (Minecraft) Exception loading blockstate definition: 'delicate_dyes:blockstates/canary_stained_glass_pane.json' missing model for variant: 'delicate_dyes:canary_stained_glass_pane#east=false,north=false,south=false,waterlogged=false,west=true'
[22:53:35] [Worker-Main-4/WARN] (Minecraft) Exception loading blockstate definition: 'delicate_dyes:blockstates/canary_stained_glass_pane.json' missing model for variant: 'delicate_dyes:canary_stained_glass_pane#east=true,north=true,south=true,waterlogged=true,west=true'
[22:53:35] [Worker-Main-4/WARN] (Minecraft) Exception loading blockstate definition: 'delicate_dyes:blockstates/canary_stained_glass_pane.json' missing model for variant: 'delicate_dyes:canary_stained_glass_pane#east=true,north=true,south=false,waterlogged=true,west=false'
[22:53:35] [Worker-Main-4/WARN] (Minecraft) Exception loading blockstate definition: 'delicate_dyes:blockstates/canary_stained_glass_pane.json' missing model for variant: 'delicate_dyes:canary_stained_glass_pane#east=false,north=false,south=true,waterlogged=true,west=false'
[22:53:35] [Worker-Main-4/WARN] (Minecraft) Exception loading blockstate definition: 'delicate_dyes:blockstates/canary_stained_glass_pane.json' missing model for variant: 'delicate_dyes:canary_stained_glass_pane#east=true,north=false,south=true,waterlogged=false,west=true'
[22:53:35] [Worker-Main-4/WARN] (Minecraft) Exception loading blockstate definition: 'delicate_dyes:blockstates/canary_stained_glass_pane.json' missing model for variant: 'delicate_dyes:canary_stained_glass_pane#east=false,north=false,south=true,waterlogged=true,west=true'
[22:53:35] [Worker-Main-4/WARN] (Minecraft) Exception loading blockstate definition: 'delicate_dyes:blockstates/canary_terracotta.json' missing model for variant: 'delicate_dyes:canary_terracotta#'
[22:53:35] [Worker-Main-4/WARN] (Minecraft) Exception loading blockstate definition: 'delicate_dyes:blockstates/canary_glazed_terracotta.json' missing model for variant: 'delicate_dyes:canary_glazed_terracotta#facing=north'
[22:53:35] [Worker-Main-4/WARN] (Minecraft) Exception loading blockstate definition: 'delicate_dyes:blockstates/canary_glazed_terracotta.json' missing model for variant: 'delicate_dyes:canary_glazed_terracotta#facing=south'
[22:53:35] [Worker-Main-4/WARN] (Minecraft) Exception loading blockstate definition: 'delicate_dyes:blockstates/canary_glazed_terracotta.json' missing model for variant: 'delicate_dyes:canary_glazed_terracotta#facing=east'
[22:53:35] [Worker-Main-4/WARN] (Minecraft) Exception loading blockstate definition: 'delicate_dyes:blockstates/canary_glazed_terracotta.json' missing model for variant: 'delicate_dyes:canary_glazed_terracotta#facing=west'
[22:53:35] [Worker-Main-4/WARN] (Minecraft) Exception loading blockstate definition: 'delicate_dyes:blockstates/canary_concrete.json' missing model for variant: 'delicate_dyes:canary_concrete#'
[22:53:35] [Worker-Main-4/WARN] (Minecraft) Exception loading blockstate definition: 'delicate_dyes:blockstates/canary_concrete_powder.json' missing model for variant: 'delicate_dyes:canary_concrete_powder#'
[22:53:35] [Worker-Main-4/WARN] (Minecraft) Exception loading blockstate definition: 'delicate_dyes:blockstates/canary_candle.json' missing model for variant: 'delicate_dyes:canary_candle#candles=2,lit=true,waterlogged=false'
[22:53:35] [Worker-Main-4/WARN] (Minecraft) Exception loading blockstate definition: 'delicate_dyes:blockstates/canary_candle.json' missing model for variant: 'delicate_dyes:canary_candle#candles=1,lit=true,waterlogged=true'
[22:53:35] [Worker-Main-4/WARN] (Minecraft) Exception loading blockstate definition: 'delicate_dyes:blockstates/canary_candle.json' missing model for variant: 'delicate_dyes:canary_candle#candles=1,lit=false,waterlogged=false'
[22:53:35] [Worker-Main-4/WARN] (Minecraft) Exception loading blockstate definition: 'delicate_dyes:blockstates/canary_candle.json' missing model for variant: 'delicate_dyes:canary_candle#candles=2,lit=false,waterlogged=true'
[22:53:35] [Worker-Main-4/WARN] (Minecraft) Exception loading blockstate definition: 'delicate_dyes:blockstates/canary_candle.json' missing model for variant: 'delicate_dyes:canary_candle#candles=3,lit=true,waterlogged=true'
[22:53:35] [Worker-Main-4/WARN] (Minecraft) Exception loading blockstate definition: 'delicate_dyes:blockstates/canary_candle.json' missing model for variant: 'delicate_dyes:canary_candle#candles=4,lit=false,waterlogged=true'
[22:53:35] [Worker-Main-4/WARN] (Minecraft) Exception loading blockstate definition: 'delicate_dyes:blockstates/canary_candle.json' missing model for variant: 'delicate_dyes:canary_candle#candles=4,lit=true,waterlogged=false'
[22:53:35] [Worker-Main-4/WARN] (Minecraft) Exception loading blockstate definition: 'delicate_dyes:blockstates/canary_candle.json' missing model for variant: 'delicate_dyes:canary_candle#candles=2,lit=false,waterlogged=false'
[22:53:35] [Worker-Main-4/WARN] (Minecraft) Exception loading blockstate definition: 'delicate_dyes:blockstates/canary_candle.json' missing model for variant: 'delicate_dyes:canary_candle#candles=4,lit=false,waterlogged=false'
[22:53:35] [Worker-Main-4/WARN] (Minecraft) Exception loading blockstate definition: 'delicate_dyes:blockstates/canary_candle.json' missing model for variant: 'delicate_dyes:canary_candle#candles=1,lit=true,waterlogged=false'
[22:53:35] [Worker-Main-4/WARN] (Minecraft) Exception loading blockstate definition: 'delicate_dyes:blockstates/canary_candle.json' missing model for variant: 'delicate_dyes:canary_candle#candles=3,lit=true,waterlogged=false'
[22:53:35] [Worker-Main-4/WARN] (Minecraft) Exception loading blockstate definition: 'delicate_dyes:blockstates/canary_candle.json' missing model for variant: 'delicate_dyes:canary_candle#candles=4,lit=true,waterlogged=true'
[22:53:35] [Worker-Main-4/WARN] (Minecraft) Exception loading blockstate definition: 'delicate_dyes:blockstates/canary_candle.json' missing model for variant: 'delicate_dyes:canary_candle#candles=3,lit=false,waterlogged=true'
[22:53:35] [Worker-Main-4/WARN] (Minecraft) Exception loading blockstate definition: 'delicate_dyes:blockstates/canary_candle.json' missing model for variant: 'delicate_dyes:canary_candle#candles=2,lit=true,waterlogged=true'
[22:53:35] [Worker-Main-4/WARN] (Minecraft) Exception loading blockstate definition: 'delicate_dyes:blockstates/canary_candle.json' missing model for variant: 'delicate_dyes:canary_candle#candles=1,lit=false,waterlogged=true'
[22:53:35] [Worker-Main-4/WARN] (Minecraft) Exception loading blockstate definition: 'delicate_dyes:blockstates/canary_candle.json' missing model for variant: 'delicate_dyes:canary_candle#candles=3,lit=false,waterlogged=false'
[22:53:35] [Worker-Main-4/WARN] (Minecraft) Exception loading blockstate definition: 'delicate_dyes:blockstates/canary_candle_cake.json' missing model for variant: 'delicate_dyes:canary_candle_cake#lit=true'
[22:53:35] [Worker-Main-4/WARN] (Minecraft) Exception loading blockstate definition: 'delicate_dyes:blockstates/canary_candle_cake.json' missing model for variant: 'delicate_dyes:canary_candle_cake#lit=false'
[22:53:35] [Worker-Main-4/WARN] (Minecraft) Exception loading blockstate definition: 'delicate_dyes:blockstates/canary_banner.json' missing model for variant: 'delicate_dyes:canary_banner#rotation=15'
[22:53:35] [Worker-Main-4/WARN] (Minecraft) Exception loading blockstate definition: 'delicate_dyes:blockstates/canary_banner.json' missing model for variant: 'delicate_dyes:canary_banner#rotation=14'
[22:53:35] [Worker-Main-4/WARN] (Minecraft) Exception loading blockstate definition: 'delicate_dyes:blockstates/canary_banner.json' missing model for variant: 'delicate_dyes:canary_banner#rotation=11'
[22:53:35] [Worker-Main-4/WARN] (Minecraft) Exception loading blockstate definition: 'delicate_dyes:blockstates/canary_banner.json' missing model for variant: 'delicate_dyes:canary_banner#rotation=10'
[22:53:35] [Worker-Main-4/WARN] (Minecraft) Exception loading blockstate definition: 'delicate_dyes:blockstates/canary_banner.json' missing model for variant: 'delicate_dyes:canary_banner#rotation=13'
[22:53:35] [Worker-Main-4/WARN] (Minecraft) Exception loading blockstate definition: 'delicate_dyes:blockstates/canary_banner.json' missing model for variant: 'delicate_dyes:canary_banner#rotation=12'
[22:53:35] [Worker-Main-4/WARN] (Minecraft) Exception loading blockstate definition: 'delicate_dyes:blockstates/canary_banner.json' missing model for variant: 'delicate_dyes:canary_banner#rotation=3'
[22:53:35] [Worker-Main-4/WARN] (Minecraft) Exception loading blockstate definition: 'delicate_dyes:blockstates/canary_banner.json' missing model for variant: 'delicate_dyes:canary_banner#rotation=4'
[22:53:35] [Worker-Main-4/WARN] (Minecraft) Exception loading blockstate definition: 'delicate_dyes:blockstates/canary_banner.json' missing model for variant: 'delicate_dyes:canary_banner#rotation=1'
[22:53:35] [Worker-Main-4/WARN] (Minecraft) Exception loading blockstate definition: 'delicate_dyes:blockstates/canary_banner.json' missing model for variant: 'delicate_dyes:canary_banner#rotation=2'
[22:53:35] [Worker-Main-4/WARN] (Minecraft) Exception loading blockstate definition: 'delicate_dyes:blockstates/canary_banner.json' missing model for variant: 'delicate_dyes:canary_banner#rotation=0'
[22:53:35] [Worker-Main-4/WARN] (Minecraft) Exception loading blockstate definition: 'delicate_dyes:blockstates/canary_banner.json' missing model for variant: 'delicate_dyes:canary_banner#rotation=9'
[22:53:35] [Worker-Main-4/WARN] (Minecraft) Exception loading blockstate definition: 'delicate_dyes:blockstates/canary_banner.json' missing model for variant: 'delicate_dyes:canary_banner#rotation=7'
[22:53:35] [Worker-Main-4/WARN] (Minecraft) Exception loading blockstate definition: 'delicate_dyes:blockstates/canary_banner.json' missing model for variant: 'delicate_dyes:canary_banner#rotation=8'
[22:53:35] [Worker-Main-4/WARN] (Minecraft) Exception loading blockstate definition: 'delicate_dyes:blockstates/canary_banner.json' missing model for variant: 'delicate_dyes:canary_banner#rotation=5'
[22:53:35] [Worker-Main-4/WARN] (Minecraft) Exception loading blockstate definition: 'delicate_dyes:blockstates/canary_banner.json' missing model for variant: 'delicate_dyes:canary_banner#rotation=6'
[22:53:35] [Worker-Main-4/WARN] (Minecraft) Exception loading blockstate definition: 'delicate_dyes:blockstates/canary_wall_banner.json' missing model for variant: 'delicate_dyes:canary_wall_banner#facing=south'
[22:53:35] [Worker-Main-4/WARN] (Minecraft) Exception loading blockstate definition: 'delicate_dyes:blockstates/canary_wall_banner.json' missing model for variant: 'delicate_dyes:canary_wall_banner#facing=east'
[22:53:35] [Worker-Main-4/WARN] (Minecraft) Exception loading blockstate definition: 'delicate_dyes:blockstates/canary_wall_banner.json' missing model for variant: 'delicate_dyes:canary_wall_banner#facing=west'
[22:53:35] [Worker-Main-4/WARN] (Minecraft) Exception loading blockstate definition: 'delicate_dyes:blockstates/canary_wall_banner.json' missing model for variant: 'delicate_dyes:canary_wall_banner#facing=north'
[22:53:35] [Worker-Main-4/WARN] (Minecraft) Exception loading blockstate definition: 'delicate_dyes:blockstates/canary_bed.json' missing model for variant: 'delicate_dyes:canary_bed#facing=south,occupied=true,part=head'
[22:53:35] [Worker-Main-4/WARN] (Minecraft) Exception loading blockstate definition: 'delicate_dyes:blockstates/canary_bed.json' missing model for variant: 'delicate_dyes:canary_bed#facing=south,occupied=false,part=head'
[22:53:35] [Worker-Main-4/WARN] (Minecraft) Exception loading blockstate definition: 'delicate_dyes:blockstates/canary_bed.json' missing model for variant: 'delicate_dyes:canary_bed#facing=east,occupied=false,part=foot'
[22:53:35] [Worker-Main-4/WARN] (Minecraft) Exception loading blockstate definition: 'delicate_dyes:blockstates/canary_bed.json' missing model for variant: 'delicate_dyes:canary_bed#facing=west,occupied=true,part=head'
[22:53:35] [Worker-Main-4/WARN] (Minecraft) Exception loading blockstate definition: 'delicate_dyes:blockstates/canary_bed.json' missing model for variant: 'delicate_dyes:canary_bed#facing=east,occupied=true,part=head'
[22:53:35] [Worker-Main-4/WARN] (Minecraft) Exception loading blockstate definition: 'delicate_dyes:blockstates/canary_bed.json' missing model for variant: 'delicate_dyes:canary_bed#facing=north,occupied=true,part=foot'
[22:53:35] [Worker-Main-4/WARN] (Minecraft) Exception loading blockstate definition: 'delicate_dyes:blockstates/canary_bed.json' missing model for variant: 'delicate_dyes:canary_bed#facing=north,occupied=false,part=head'
[22:53:35] [Worker-Main-4/WARN] (Minecraft) Exception loading blockstate definition: 'delicate_dyes:blockstates/canary_bed.json' missing model for variant: 'delicate_dyes:canary_bed#facing=west,occupied=false,part=head'
[22:53:35] [Worker-Main-4/WARN] (Minecraft) Exception loading blockstate definition: 'delicate_dyes:blockstates/canary_bed.json' missing model for variant: 'delicate_dyes:canary_bed#facing=south,occupied=false,part=foot'
[22:53:35] [Worker-Main-4/WARN] (Minecraft) Exception loading blockstate definition: 'delicate_dyes:blockstates/canary_bed.json' missing model for variant: 'delicate_dyes:canary_bed#facing=west,occupied=true,part=foot'
[22:53:35] [Worker-Main-4/WARN] (Minecraft) Exception loading blockstate definition: 'delicate_dyes:blockstates/canary_bed.json' missing model for variant: 'delicate_dyes:canary_bed#facing=south,occupied=true,part=foot'
[22:53:35] [Worker-Main-4/WARN] (Minecraft) Exception loading blockstate definition: 'delicate_dyes:blockstates/canary_bed.json' missing model for variant: 'delicate_dyes:canary_bed#facing=east,occupied=true,part=foot'
[22:53:35] [Worker-Main-4/WARN] (Minecraft) Exception loading blockstate definition: 'delicate_dyes:blockstates/canary_bed.json' missing model for variant: 'delicate_dyes:canary_bed#facing=west,occupied=false,part=foot'
[22:53:35] [Worker-Main-4/WARN] (Minecraft) Exception loading blockstate definition: 'delicate_dyes:blockstates/canary_bed.json' missing model for variant: 'delicate_dyes:canary_bed#facing=north,occupied=true,part=head'
[22:53:35] [Worker-Main-4/WARN] (Minecraft) Exception loading blockstate definition: 'delicate_dyes:blockstates/canary_bed.json' missing model for variant: 'delicate_dyes:canary_bed#facing=north,occupied=false,part=foot'
[22:53:35] [Worker-Main-4/WARN] (Minecraft) Exception loading blockstate definition: 'delicate_dyes:blockstates/canary_bed.json' missing model for variant: 'delicate_dyes:canary_bed#facing=east,occupied=false,part=head'
[22:53:35] [Worker-Main-4/WARN] (Minecraft) Exception loading blockstate definition: 'delicate_dyes:blockstates/canary_shulker_box.json' missing model for variant: 'delicate_dyes:canary_shulker_box#facing=east'
[22:53:35] [Worker-Main-4/WARN] (Minecraft) Exception loading blockstate definition: 'delicate_dyes:blockstates/canary_shulker_box.json' missing model for variant: 'delicate_dyes:canary_shulker_box#facing=west'
[22:53:35] [Worker-Main-4/WARN] (Minecraft) Exception loading blockstate definition: 'delicate_dyes:blockstates/canary_shulker_box.json' missing model for variant: 'delicate_dyes:canary_shulker_box#facing=up'
[22:53:35] [Worker-Main-4/WARN] (Minecraft) Exception loading blockstate definition: 'delicate_dyes:blockstates/canary_shulker_box.json' missing model for variant: 'delicate_dyes:canary_shulker_box#facing=down'
[22:53:35] [Worker-Main-4/WARN] (Minecraft) Exception loading blockstate definition: 'delicate_dyes:blockstates/canary_shulker_box.json' missing model for variant: 'delicate_dyes:canary_shulker_box#facing=south'
[22:53:35] [Worker-Main-4/WARN] (Minecraft) Exception loading blockstate definition: 'delicate_dyes:blockstates/canary_shulker_box.json' missing model for variant: 'delicate_dyes:canary_shulker_box#facing=north'
[22:53:35] [Worker-Main-4/WARN] (Minecraft) Exception loading blockstate definition: 'delicate_dyes:blockstates/wasabi_wool.json' missing model for variant: 'delicate_dyes:wasabi_wool#'
[22:53:35] [Worker-Main-4/WARN] (Minecraft) Exception loading blockstate definition: 'delicate_dyes:blockstates/wasabi_carpet.json' missing model for variant: 'delicate_dyes:wasabi_carpet#'
[22:53:35] [Worker-Main-4/WARN] (Minecraft) Exception loading blockstate definition: 'delicate_dyes:blockstates/wasabi_stained_glass.json' missing model for variant: 'delicate_dyes:wasabi_stained_glass#'
[22:53:35] [Worker-Main-4/WARN] (Minecraft) Exception loading blockstate definition: 'delicate_dyes:blockstates/wasabi_stained_glass_pane.json' missing model for variant: 'delicate_dyes:wasabi_stained_glass_pane#east=true,north=true,south=true,waterlogged=false,west=true'
[22:53:35] [Worker-Main-4/WARN] (Minecraft) Exception loading blockstate definition: 'delicate_dyes:blockstates/wasabi_stained_glass_pane.json' missing model for variant: 'delicate_dyes:wasabi_stained_glass_pane#east=true,north=true,south=true,waterlogged=false,west=false'
[22:53:35] [Worker-Main-4/WARN] (Minecraft) Exception loading blockstate definition: 'delicate_dyes:blockstates/wasabi_stained_glass_pane.json' missing model for variant: 'delicate_dyes:wasabi_stained_glass_pane#east=true,north=false,south=true,waterlogged=false,west=true'
[22:53:35] [Worker-Main-4/WARN] (Minecraft) Exception loading blockstate definition: 'delicate_dyes:blockstates/wasabi_stained_glass_pane.json' missing model for variant: 'delicate_dyes:wasabi_stained_glass_pane#east=true,north=false,south=false,waterlogged=true,west=false'
[22:53:35] [Worker-Main-4/WARN] (Minecraft) Exception loading blockstate definition: 'delicate_dyes:blockstates/wasabi_stained_glass_pane.json' missing model for variant: 'delicate_dyes:wasabi_stained_glass_pane#east=false,north=false,south=false,waterlogged=true,west=false'
[22:53:35] [Worker-Main-4/WARN] (Minecraft) Exception loading blockstate definition: 'delicate_dyes:blockstates/wasabi_stained_glass_pane.json' missing model for variant: 'delicate_dyes:wasabi_stained_glass_pane#east=false,north=true,south=true,waterlogged=false,west=false'
[22:53:35] [Worker-Main-4/WARN] (Minecraft) Exception loading blockstate definition: 'delicate_dyes:blockstates/wasabi_stained_glass_pane.json' missing model for variant: 'delicate_dyes:wasabi_stained_glass_pane#east=false,north=true,south=true,waterlogged=true,west=true'
[22:53:35] [Worker-Main-4/WARN] (Minecraft) Exception loading blockstate definition: 'delicate_dyes:blockstates/wasabi_stained_glass_pane.json' missing model for variant: 'delicate_dyes:wasabi_stained_glass_pane#east=true,north=false,south=true,waterlogged=false,west=false'
[22:53:35] [Worker-Main-4/WARN] (Minecraft) Exception loading blockstate definition: 'delicate_dyes:blockstates/wasabi_stained_glass_pane.json' missing model for variant: 'delicate_dyes:wasabi_stained_glass_pane#east=false,north=true,south=true,waterlogged=false,west=true'
[22:53:35] [Worker-Main-4/WARN] (Minecraft) Exception loading blockstate definition: 'delicate_dyes:blockstates/wasabi_stained_glass_pane.json' missing model for variant: 'delicate_dyes:wasabi_stained_glass_pane#east=false,north=false,south=false,waterlogged=true,west=true'
[22:53:35] [Worker-Main-4/WARN] (Minecraft) Exception loading blockstate definition: 'delicate_dyes:blockstates/wasabi_stained_glass_pane.json' missing model for variant: 'delicate_dyes:wasabi_stained_glass_pane#east=true,north=true,south=true,waterlogged=true,west=true'
[22:53:35] [Worker-Main-4/WARN] (Minecraft) Exception loading blockstate definition: 'delicate_dyes:blockstates/wasabi_stained_glass_pane.json' missing model for variant: 'delicate_dyes:wasabi_stained_glass_pane#east=true,north=true,south=false,waterlogged=true,west=false'
[22:53:35] [Worker-Main-4/WARN] (Minecraft) Exception loading blockstate definition: 'delicate_dyes:blockstates/wasabi_stained_glass_pane.json' missing model for variant: 'delicate_dyes:wasabi_stained_glass_pane#east=false,north=false,south=true,waterlogged=true,west=true'
[22:53:35] [Worker-Main-4/WARN] (Minecraft) Exception loading blockstate definition: 'delicate_dyes:blockstates/wasabi_stained_glass_pane.json' missing model for variant: 'delicate_dyes:wasabi_stained_glass_pane#east=true,north=false,south=false,waterlogged=true,west=true'
[22:53:35] [Worker-Main-4/WARN] (Minecraft) Exception loading blockstate definition: 'delicate_dyes:blockstates/wasabi_stained_glass_pane.json' missing model for variant: 'delicate_dyes:wasabi_stained_glass_pane#east=true,north=false,south=false,waterlogged=false,west=true'
[22:53:35] [Worker-Main-4/WARN] (Minecraft) Exception loading blockstate definition: 'delicate_dyes:blockstates/wasabi_stained_glass_pane.json' missing model for variant: 'delicate_dyes:wasabi_stained_glass_pane#east=true,north=true,south=false,waterlogged=true,west=true'
[22:53:35] [Worker-Main-4/WARN] (Minecraft) Exception loading blockstate definition: 'delicate_dyes:blockstates/wasabi_stained_glass_pane.json' missing model for variant: 'delicate_dyes:wasabi_stained_glass_pane#east=false,north=false,south=true,waterlogged=true,west=false'
[22:53:35] [Worker-Main-4/WARN] (Minecraft) Exception loading blockstate definition: 'delicate_dyes:blockstates/wasabi_stained_glass_pane.json' missing model for variant: 'delicate_dyes:wasabi_stained_glass_pane#east=true,north=false,south=true,waterlogged=true,west=false'
[22:53:35] [Worker-Main-4/WARN] (Minecraft) Exception loading blockstate definition: 'delicate_dyes:blockstates/wasabi_stained_glass_pane.json' missing model for variant: 'delicate_dyes:wasabi_stained_glass_pane#east=false,north=true,south=false,waterlogged=false,west=true'
[22:53:35] [Worker-Main-4/WARN] (Minecraft) Exception loading blockstate definition: 'delicate_dyes:blockstates/wasabi_stained_glass_pane.json' missing model for variant: 'delicate_dyes:wasabi_stained_glass_pane#east=true,north=true,south=false,waterlogged=false,west=false'
[22:53:35] [Worker-Main-4/WARN] (Minecraft) Exception loading blockstate definition: 'delicate_dyes:blockstates/wasabi_stained_glass_pane.json' missing model for variant: 'delicate_dyes:wasabi_stained_glass_pane#east=true,north=false,south=true,waterlogged=true,west=true'
[22:53:35] [Worker-Main-4/WARN] (Minecraft) Exception loading blockstate definition: 'delicate_dyes:blockstates/wasabi_stained_glass_pane.json' missing model for variant: 'delicate_dyes:wasabi_stained_glass_pane#east=false,north=true,south=false,waterlogged=false,west=false'
[22:53:35] [Worker-Main-4/WARN] (Minecraft) Exception loading blockstate definition: 'delicate_dyes:blockstates/wasabi_stained_glass_pane.json' missing model for variant: 'delicate_dyes:wasabi_stained_glass_pane#east=false,north=false,south=false,waterlogged=false,west=true'
[22:53:35] [Worker-Main-4/WARN] (Minecraft) Exception loading blockstate definition: 'delicate_dyes:blockstates/wasabi_stained_glass_pane.json' missing model for variant: 'delicate_dyes:wasabi_stained_glass_pane#east=true,north=true,south=true,waterlogged=true,west=false'
[22:53:35] [Worker-Main-4/WARN] (Minecraft) Exception loading blockstate definition: 'delicate_dyes:blockstates/wasabi_stained_glass_pane.json' missing model for variant: 'delicate_dyes:wasabi_stained_glass_pane#east=true,north=true,south=false,waterlogged=false,west=true'
[22:53:35] [Worker-Main-4/WARN] (Minecraft) Exception loading blockstate definition: 'delicate_dyes:blockstates/wasabi_stained_glass_pane.json' missing model for variant: 'delicate_dyes:wasabi_stained_glass_pane#east=false,north=false,south=true,waterlogged=false,west=false'
[22:53:35] [Worker-Main-4/WARN] (Minecraft) Exception loading blockstate definition: 'delicate_dyes:blockstates/wasabi_stained_glass_pane.json' missing model for variant: 'delicate_dyes:wasabi_stained_glass_pane#east=false,north=true,south=true,waterlogged=true,west=false'
[22:53:35] [Worker-Main-4/WARN] (Minecraft) Exception loading blockstate definition: 'delicate_dyes:blockstates/wasabi_stained_glass_pane.json' missing model for variant: 'delicate_dyes:wasabi_stained_glass_pane#east=false,north=true,south=false,waterlogged=true,west=false'
[22:53:35] [Worker-Main-4/WARN] (Minecraft) Exception loading blockstate definition: 'delicate_dyes:blockstates/wasabi_stained_glass_pane.json' missing model for variant: 'delicate_dyes:wasabi_stained_glass_pane#east=true,north=false,south=false,waterlogged=false,west=false'
[22:53:35] [Worker-Main-4/WARN] (Minecraft) Exception loading blockstate definition: 'delicate_dyes:blockstates/wasabi_stained_glass_pane.json' missing model for variant: 'delicate_dyes:wasabi_stained_glass_pane#east=false,north=false,south=true,waterlogged=false,west=true'
[22:53:35] [Worker-Main-4/WARN] (Minecraft) Exception loading blockstate definition: 'delicate_dyes:blockstates/wasabi_stained_glass_pane.json' missing model for variant: 'delicate_dyes:wasabi_stained_glass_pane#east=false,north=true,south=false,waterlogged=true,west=true'
[22:53:35] [Worker-Main-4/WARN] (Minecraft) Exception loading blockstate definition: 'delicate_dyes:blockstates/wasabi_stained_glass_pane.json' missing model for variant: 'delicate_dyes:wasabi_stained_glass_pane#east=false,north=false,south=false,waterlogged=false,west=false'
[22:53:35] [Worker-Main-4/WARN] (Minecraft) Exception loading blockstate definition: 'delicate_dyes:blockstates/wasabi_terracotta.json' missing model for variant: 'delicate_dyes:wasabi_terracotta#'
[22:53:35] [Worker-Main-4/WARN] (Minecraft) Exception loading blockstate definition: 'delicate_dyes:blockstates/wasabi_glazed_terracotta.json' missing model for variant: 'delicate_dyes:wasabi_glazed_terracotta#facing=south'
[22:53:35] [Worker-Main-4/WARN] (Minecraft) Exception loading blockstate definition: 'delicate_dyes:blockstates/wasabi_glazed_terracotta.json' missing model for variant: 'delicate_dyes:wasabi_glazed_terracotta#facing=north'
[22:53:35] [Worker-Main-4/WARN] (Minecraft) Exception loading blockstate definition: 'delicate_dyes:blockstates/wasabi_glazed_terracotta.json' missing model for variant: 'delicate_dyes:wasabi_glazed_terracotta#facing=west'
[22:53:35] [Worker-Main-4/WARN] (Minecraft) Exception loading blockstate definition: 'delicate_dyes:blockstates/wasabi_glazed_terracotta.json' missing model for variant: 'delicate_dyes:wasabi_glazed_terracotta#facing=east'
[22:53:35] [Worker-Main-4/WARN] (Minecraft) Exception loading blockstate definition: 'delicate_dyes:blockstates/wasabi_concrete.json' missing model for variant: 'delicate_dyes:wasabi_concrete#'
[22:53:35] [Worker-Main-4/WARN] (Minecraft) Exception loading blockstate definition: 'delicate_dyes:blockstates/wasabi_concrete_powder.json' missing model for variant: 'delicate_dyes:wasabi_concrete_powder#'
[22:53:35] [Worker-Main-4/WARN] (Minecraft) Exception loading blockstate definition: 'delicate_dyes:blockstates/wasabi_candle.json' missing model for variant: 'delicate_dyes:wasabi_candle#candles=3,lit=false,waterlogged=false'
[22:53:35] [Worker-Main-4/WARN] (Minecraft) Exception loading blockstate definition: 'delicate_dyes:blockstates/wasabi_candle.json' missing model for variant: 'delicate_dyes:wasabi_candle#candles=2,lit=true,waterlogged=false'
[22:53:35] [Worker-Main-4/WARN] (Minecraft) Exception loading blockstate definition: 'delicate_dyes:blockstates/wasabi_candle.json' missing model for variant: 'delicate_dyes:wasabi_candle#candles=3,lit=true,waterlogged=false'
[22:53:35] [Worker-Main-4/WARN] (Minecraft) Exception loading blockstate definition: 'delicate_dyes:blockstates/wasabi_candle.json' missing model for variant: 'delicate_dyes:wasabi_candle#candles=1,lit=true,waterlogged=true'
[22:53:35] [Worker-Main-4/WARN] (Minecraft) Exception loading blockstate definition: 'delicate_dyes:blockstates/wasabi_candle.json' missing model for variant: 'delicate_dyes:wasabi_candle#candles=3,lit=true,waterlogged=true'
[22:53:35] [Worker-Main-4/WARN] (Minecraft) Exception loading blockstate definition: 'delicate_dyes:blockstates/wasabi_candle.json' missing model for variant: 'delicate_dyes:wasabi_candle#candles=1,lit=false,waterlogged=true'
[22:53:35] [Worker-Main-4/WARN] (Minecraft) Exception loading blockstate definition: 'delicate_dyes:blockstates/wasabi_candle.json' missing model for variant: 'delicate_dyes:wasabi_candle#candles=1,lit=false,waterlogged=false'
[22:53:35] [Worker-Main-4/WARN] (Minecraft) Exception loading blockstate definition: 'delicate_dyes:blockstates/wasabi_candle.json' missing model for variant: 'delicate_dyes:wasabi_candle#candles=3,lit=false,waterlogged=true'
[22:53:35] [Worker-Main-4/WARN] (Minecraft) Exception loading blockstate definition: 'delicate_dyes:blockstates/wasabi_candle.json' missing model for variant: 'delicate_dyes:wasabi_candle#candles=4,lit=false,waterlogged=false'
[22:53:35] [Worker-Main-4/WARN] (Minecraft) Exception loading blockstate definition: 'delicate_dyes:blockstates/wasabi_candle.json' missing model for variant: 'delicate_dyes:wasabi_candle#candles=1,lit=true,waterlogged=false'
[22:53:35] [Worker-Main-4/WARN] (Minecraft) Exception loading blockstate definition: 'delicate_dyes:blockstates/wasabi_candle.json' missing model for variant: 'delicate_dyes:wasabi_candle#candles=4,lit=true,waterlogged=false'
[22:53:35] [Worker-Main-4/WARN] (Minecraft) Exception loading blockstate definition: 'delicate_dyes:blockstates/wasabi_candle.json' missing model for variant: 'delicate_dyes:wasabi_candle#candles=2,lit=false,waterlogged=true'
[22:53:35] [Worker-Main-4/WARN] (Minecraft) Exception loading blockstate definition: 'delicate_dyes:blockstates/wasabi_candle.json' missing model for variant: 'delicate_dyes:wasabi_candle#candles=2,lit=true,waterlogged=true'
[22:53:35] [Worker-Main-4/WARN] (Minecraft) Exception loading blockstate definition: 'delicate_dyes:blockstates/wasabi_candle.json' missing model for variant: 'delicate_dyes:wasabi_candle#candles=2,lit=false,waterlogged=false'
[22:53:35] [Worker-Main-4/WARN] (Minecraft) Exception loading blockstate definition: 'delicate_dyes:blockstates/wasabi_candle.json' missing model for variant: 'delicate_dyes:wasabi_candle#candles=4,lit=false,waterlogged=true'
[22:53:35] [Worker-Main-4/WARN] (Minecraft) Exception loading blockstate definition: 'delicate_dyes:blockstates/wasabi_candle.json' missing model for variant: 'delicate_dyes:wasabi_candle#candles=4,lit=true,waterlogged=true'
[22:53:35] [Worker-Main-4/WARN] (Minecraft) Exception loading blockstate definition: 'delicate_dyes:blockstates/wasabi_candle_cake.json' missing model for variant: 'delicate_dyes:wasabi_candle_cake#lit=false'
[22:53:35] [Worker-Main-4/WARN] (Minecraft) Exception loading blockstate definition: 'delicate_dyes:blockstates/wasabi_candle_cake.json' missing model for variant: 'delicate_dyes:wasabi_candle_cake#lit=true'
[22:53:35] [Worker-Main-4/WARN] (Minecraft) Exception loading blockstate definition: 'delicate_dyes:blockstates/wasabi_banner.json' missing model for variant: 'delicate_dyes:wasabi_banner#rotation=2'
[22:53:35] [Worker-Main-4/WARN] (Minecraft) Exception loading blockstate definition: 'delicate_dyes:blockstates/wasabi_banner.json' missing model for variant: 'delicate_dyes:wasabi_banner#rotation=3'
[22:53:35] [Worker-Main-4/WARN] (Minecraft) Exception loading blockstate definition: 'delicate_dyes:blockstates/wasabi_banner.json' missing model for variant: 'delicate_dyes:wasabi_banner#rotation=4'
[22:53:35] [Worker-Main-4/WARN] (Minecraft) Exception loading blockstate definition: 'delicate_dyes:blockstates/wasabi_banner.json' missing model for variant: 'delicate_dyes:wasabi_banner#rotation=5'
[22:53:35] [Worker-Main-4/WARN] (Minecraft) Exception loading blockstate definition: 'delicate_dyes:blockstates/wasabi_banner.json' missing model for variant: 'delicate_dyes:wasabi_banner#rotation=0'
[22:53:35] [Worker-Main-4/WARN] (Minecraft) Exception loading blockstate definition: 'delicate_dyes:blockstates/wasabi_banner.json' missing model for variant: 'delicate_dyes:wasabi_banner#rotation=1'
[22:53:35] [Worker-Main-4/WARN] (Minecraft) Exception loading blockstate definition: 'delicate_dyes:blockstates/wasabi_banner.json' missing model for variant: 'delicate_dyes:wasabi_banner#rotation=6'
[22:53:35] [Worker-Main-4/WARN] (Minecraft) Exception loading blockstate definition: 'delicate_dyes:blockstates/wasabi_banner.json' missing model for variant: 'delicate_dyes:wasabi_banner#rotation=10'
[22:53:35] [Worker-Main-4/WARN] (Minecraft) Exception loading blockstate definition: 'delicate_dyes:blockstates/wasabi_banner.json' missing model for variant: 'delicate_dyes:wasabi_banner#rotation=7'
[22:53:35] [Worker-Main-4/WARN] (Minecraft) Exception loading blockstate definition: 'delicate_dyes:blockstates/wasabi_banner.json' missing model for variant: 'delicate_dyes:wasabi_banner#rotation=8'
[22:53:35] [Worker-Main-4/WARN] (Minecraft) Exception loading blockstate definition: 'delicate_dyes:blockstates/wasabi_banner.json' missing model for variant: 'delicate_dyes:wasabi_banner#rotation=9'
[22:53:35] [Worker-Main-4/WARN] (Minecraft) Exception loading blockstate definition: 'delicate_dyes:blockstates/wasabi_banner.json' missing model for variant: 'delicate_dyes:wasabi_banner#rotation=14'
[22:53:35] [Worker-Main-4/WARN] (Minecraft) Exception loading blockstate definition: 'delicate_dyes:blockstates/wasabi_banner.json' missing model for variant: 'delicate_dyes:wasabi_banner#rotation=13'
[22:53:35] [Worker-Main-4/WARN] (Minecraft) Exception loading blockstate definition: 'delicate_dyes:blockstates/wasabi_banner.json' missing model for variant: 'delicate_dyes:wasabi_banner#rotation=12'
[22:53:35] [Worker-Main-4/WARN] (Minecraft) Exception loading blockstate definition: 'delicate_dyes:blockstates/wasabi_banner.json' missing model for variant: 'delicate_dyes:wasabi_banner#rotation=11'
[22:53:35] [Worker-Main-4/WARN] (Minecraft) Exception loading blockstate definition: 'delicate_dyes:blockstates/wasabi_banner.json' missing model for variant: 'delicate_dyes:wasabi_banner#rotation=15'
[22:53:35] [Worker-Main-4/WARN] (Minecraft) Exception loading blockstate definition: 'delicate_dyes:blockstates/wasabi_wall_banner.json' missing model for variant: 'delicate_dyes:wasabi_wall_banner#facing=west'
[22:53:35] [Worker-Main-4/WARN] (Minecraft) Exception loading blockstate definition: 'delicate_dyes:blockstates/wasabi_wall_banner.json' missing model for variant: 'delicate_dyes:wasabi_wall_banner#facing=south'
[22:53:35] [Worker-Main-4/WARN] (Minecraft) Exception loading blockstate definition: 'delicate_dyes:blockstates/wasabi_wall_banner.json' missing model for variant: 'delicate_dyes:wasabi_wall_banner#facing=north'
[22:53:35] [Worker-Main-4/WARN] (Minecraft) Exception loading blockstate definition: 'delicate_dyes:blockstates/wasabi_wall_banner.json' missing model for variant: 'delicate_dyes:wasabi_wall_banner#facing=east'
[22:53:35] [Worker-Main-4/WARN] (Minecraft) Exception loading blockstate definition: 'delicate_dyes:blockstates/wasabi_bed.json' missing model for variant: 'delicate_dyes:wasabi_bed#facing=north,occupied=false,part=foot'
[22:53:35] [Worker-Main-4/WARN] (Minecraft) Exception loading blockstate definition: 'delicate_dyes:blockstates/wasabi_bed.json' missing model for variant: 'delicate_dyes:wasabi_bed#facing=west,occupied=false,part=foot'
[22:53:35] [Worker-Main-4/WARN] (Minecraft) Exception loading blockstate definition: 'delicate_dyes:blockstates/wasabi_bed.json' missing model for variant: 'delicate_dyes:wasabi_bed#facing=east,occupied=true,part=head'
[22:53:35] [Worker-Main-4/WARN] (Minecraft) Exception loading blockstate definition: 'delicate_dyes:blockstates/wasabi_bed.json' missing model for variant: 'delicate_dyes:wasabi_bed#facing=south,occupied=false,part=foot'
[22:53:35] [Worker-Main-4/WARN] (Minecraft) Exception loading blockstate definition: 'delicate_dyes:blockstates/wasabi_bed.json' missing model for variant: 'delicate_dyes:wasabi_bed#facing=north,occupied=true,part=foot'
[22:53:35] [Worker-Main-4/WARN] (Minecraft) Exception loading blockstate definition: 'delicate_dyes:blockstates/wasabi_bed.json' missing model for variant: 'delicate_dyes:wasabi_bed#facing=west,occupied=true,part=head'
[22:53:35] [Worker-Main-4/WARN] (Minecraft) Exception loading blockstate definition: 'delicate_dyes:blockstates/wasabi_bed.json' missing model for variant: 'delicate_dyes:wasabi_bed#facing=east,occupied=false,part=foot'
[22:53:35] [Worker-Main-4/WARN] (Minecraft) Exception loading blockstate definition: 'delicate_dyes:blockstates/wasabi_bed.json' missing model for variant: 'delicate_dyes:wasabi_bed#facing=south,occupied=true,part=foot'
[22:53:35] [Worker-Main-4/WARN] (Minecraft) Exception loading blockstate definition: 'delicate_dyes:blockstates/wasabi_bed.json' missing model for variant: 'delicate_dyes:wasabi_bed#facing=west,occupied=false,part=head'
[22:53:35] [Worker-Main-4/WARN] (Minecraft) Exception loading blockstate definition: 'delicate_dyes:blockstates/wasabi_bed.json' missing model for variant: 'delicate_dyes:wasabi_bed#facing=north,occupied=false,part=head'
[22:53:35] [Worker-Main-4/WARN] (Minecraft) Exception loading blockstate definition: 'delicate_dyes:blockstates/wasabi_bed.json' missing model for variant: 'delicate_dyes:wasabi_bed#facing=north,occupied=true,part=head'
[22:53:35] [Worker-Main-4/WARN] (Minecraft) Exception loading blockstate definition: 'delicate_dyes:blockstates/wasabi_bed.json' missing model for variant: 'delicate_dyes:wasabi_bed#facing=east,occupied=true,part=foot'
[22:53:35] [Worker-Main-4/WARN] (Minecraft) Exception loading blockstate definition: 'delicate_dyes:blockstates/wasabi_bed.json' missing model for variant: 'delicate_dyes:wasabi_bed#facing=south,occupied=true,part=head'
[22:53:35] [Worker-Main-4/WARN] (Minecraft) Exception loading blockstate definition: 'delicate_dyes:blockstates/wasabi_bed.json' missing model for variant: 'delicate_dyes:wasabi_bed#facing=south,occupied=false,part=head'
[22:53:35] [Worker-Main-4/WARN] (Minecraft) Exception loading blockstate definition: 'delicate_dyes:blockstates/wasabi_bed.json' missing model for variant: 'delicate_dyes:wasabi_bed#facing=east,occupied=false,part=head'
[22:53:35] [Worker-Main-4/WARN] (Minecraft) Exception loading blockstate definition: 'delicate_dyes:blockstates/wasabi_bed.json' missing model for variant: 'delicate_dyes:wasabi_bed#facing=west,occupied=true,part=foot'
[22:53:35] [Worker-Main-4/WARN] (Minecraft) Exception loading blockstate definition: 'delicate_dyes:blockstates/wasabi_shulker_box.json' missing model for variant: 'delicate_dyes:wasabi_shulker_box#facing=down'
[22:53:35] [Worker-Main-4/WARN] (Minecraft) Exception loading blockstate definition: 'delicate_dyes:blockstates/wasabi_shulker_box.json' missing model for variant: 'delicate_dyes:wasabi_shulker_box#facing=west'
[22:53:35] [Worker-Main-4/WARN] (Minecraft) Exception loading blockstate definition: 'delicate_dyes:blockstates/wasabi_shulker_box.json' missing model for variant: 'delicate_dyes:wasabi_shulker_box#facing=up'
[22:53:35] [Worker-Main-4/WARN] (Minecraft) Exception loading blockstate definition: 'delicate_dyes:blockstates/wasabi_shulker_box.json' missing model for variant: 'delicate_dyes:wasabi_shulker_box#facing=north'
[22:53:35] [Worker-Main-4/WARN] (Minecraft) Exception loading blockstate definition: 'delicate_dyes:blockstates/wasabi_shulker_box.json' missing model for variant: 'delicate_dyes:wasabi_shulker_box#facing=south'
[22:53:35] [Worker-Main-4/WARN] (Minecraft) Exception loading blockstate definition: 'delicate_dyes:blockstates/wasabi_shulker_box.json' missing model for variant: 'delicate_dyes:wasabi_shulker_box#facing=east'
[22:53:35] [Worker-Main-4/WARN] (Minecraft) Exception loading blockstate definition: 'delicate_dyes:blockstates/sacramento_wool.json' missing model for variant: 'delicate_dyes:sacramento_wool#'
[22:53:35] [Worker-Main-4/WARN] (Minecraft) Exception loading blockstate definition: 'delicate_dyes:blockstates/sacramento_carpet.json' missing model for variant: 'delicate_dyes:sacramento_carpet#'
[22:53:35] [Worker-Main-4/WARN] (Minecraft) Exception loading blockstate definition: 'delicate_dyes:blockstates/sacramento_stained_glass.json' missing model for variant: 'delicate_dyes:sacramento_stained_glass#'
[22:53:35] [Worker-Main-4/WARN] (Minecraft) Exception loading blockstate definition: 'delicate_dyes:blockstates/sacramento_stained_glass_pane.json' missing model for variant: 'delicate_dyes:sacramento_stained_glass_pane#east=false,north=true,south=false,waterlogged=false,west=false'
[22:53:35] [Worker-Main-4/WARN] (Minecraft) Exception loading blockstate definition: 'delicate_dyes:blockstates/sacramento_stained_glass_pane.json' missing model for variant: 'delicate_dyes:sacramento_stained_glass_pane#east=false,north=false,south=true,waterlogged=true,west=false'
[22:53:35] [Worker-Main-4/WARN] (Minecraft) Exception loading blockstate definition: 'delicate_dyes:blockstates/sacramento_stained_glass_pane.json' missing model for variant: 'delicate_dyes:sacramento_stained_glass_pane#east=true,north=true,south=false,waterlogged=false,west=false'
[22:53:35] [Worker-Main-4/WARN] (Minecraft) Exception loading blockstate definition: 'delicate_dyes:blockstates/sacramento_stained_glass_pane.json' missing model for variant: 'delicate_dyes:sacramento_stained_glass_pane#east=true,north=true,south=false,waterlogged=true,west=false'
[22:53:35] [Worker-Main-4/WARN] (Minecraft) Exception loading blockstate definition: 'delicate_dyes:blockstates/sacramento_stained_glass_pane.json' missing model for variant: 'delicate_dyes:sacramento_stained_glass_pane#east=true,north=false,south=false,waterlogged=true,west=true'
[22:53:35] [Worker-Main-4/WARN] (Minecraft) Exception loading blockstate definition: 'delicate_dyes:blockstates/sacramento_stained_glass_pane.json' missing model for variant: 'delicate_dyes:sacramento_stained_glass_pane#east=false,north=false,south=false,waterlogged=true,west=true'
[22:53:35] [Worker-Main-4/WARN] (Minecraft) Exception loading blockstate definition: 'delicate_dyes:blockstates/sacramento_stained_glass_pane.json' missing model for variant: 'delicate_dyes:sacramento_stained_glass_pane#east=true,north=true,south=true,waterlogged=true,west=true'
[22:53:35] [Worker-Main-4/WARN] (Minecraft) Exception loading blockstate definition: 'delicate_dyes:blockstates/sacramento_stained_glass_pane.json' missing model for variant: 'delicate_dyes:sacramento_stained_glass_pane#east=true,north=false,south=true,waterlogged=true,west=false'
[22:53:35] [Worker-Main-4/WARN] (Minecraft) Exception loading blockstate definition: 'delicate_dyes:blockstates/sacramento_stained_glass_pane.json' missing model for variant: 'delicate_dyes:sacramento_stained_glass_pane#east=false,north=false,south=true,waterlogged=true,west=true'
[22:53:35] [Worker-Main-4/WARN] (Minecraft) Exception loading blockstate definition: 'delicate_dyes:blockstates/sacramento_stained_glass_pane.json' missing model for variant: 'delicate_dyes:sacramento_stained_glass_pane#east=false,north=false,south=false,waterlogged=true,west=false'
[22:53:35] [Worker-Main-4/WARN] (Minecraft) Exception loading blockstate definition: 'delicate_dyes:blockstates/sacramento_stained_glass_pane.json' missing model for variant: 'delicate_dyes:sacramento_stained_glass_pane#east=true,north=true,south=true,waterlogged=false,west=false'
[22:53:35] [Worker-Main-4/WARN] (Minecraft) Exception loading blockstate definition: 'delicate_dyes:blockstates/sacramento_stained_glass_pane.json' missing model for variant: 'delicate_dyes:sacramento_stained_glass_pane#east=true,north=false,south=false,waterlogged=false,west=true'
[22:53:35] [Worker-Main-4/WARN] (Minecraft) Exception loading blockstate definition: 'delicate_dyes:blockstates/sacramento_stained_glass_pane.json' missing model for variant: 'delicate_dyes:sacramento_stained_glass_pane#east=false,north=true,south=true,waterlogged=false,west=true'
[22:53:35] [Worker-Main-4/WARN] (Minecraft) Exception loading blockstate definition: 'delicate_dyes:blockstates/sacramento_stained_glass_pane.json' missing model for variant: 'delicate_dyes:sacramento_stained_glass_pane#east=true,north=false,south=true,waterlogged=true,west=true'
[22:53:35] [Worker-Main-4/WARN] (Minecraft) Exception loading blockstate definition: 'delicate_dyes:blockstates/sacramento_stained_glass_pane.json' missing model for variant: 'delicate_dyes:sacramento_stained_glass_pane#east=false,north=true,south=false,waterlogged=false,west=true'
[22:53:35] [Worker-Main-4/WARN] (Minecraft) Exception loading blockstate definition: 'delicate_dyes:blockstates/sacramento_stained_glass_pane.json' missing model for variant: 'delicate_dyes:sacramento_stained_glass_pane#east=false,north=true,south=true,waterlogged=true,west=true'
[22:53:35] [Worker-Main-4/WARN] (Minecraft) Exception loading blockstate definition: 'delicate_dyes:blockstates/sacramento_stained_glass_pane.json' missing model for variant: 'delicate_dyes:sacramento_stained_glass_pane#east=false,north=true,south=true,waterlogged=false,west=false'
[22:53:35] [Worker-Main-4/WARN] (Minecraft) Exception loading blockstate definition: 'delicate_dyes:blockstates/sacramento_stained_glass_pane.json' missing model for variant: 'delicate_dyes:sacramento_stained_glass_pane#east=false,north=false,south=true,waterlogged=false,west=true'
[22:53:35] [Worker-Main-4/WARN] (Minecraft) Exception loading blockstate definition: 'delicate_dyes:blockstates/sacramento_stained_glass_pane.json' missing model for variant: 'delicate_dyes:sacramento_stained_glass_pane#east=true,north=true,south=true,waterlogged=false,west=true'
[22:53:35] [Worker-Main-4/WARN] (Minecraft) Exception loading blockstate definition: 'delicate_dyes:blockstates/sacramento_stained_glass_pane.json' missing model for variant: 'delicate_dyes:sacramento_stained_glass_pane#east=true,north=false,south=true,waterlogged=false,west=true'
[22:53:35] [Worker-Main-4/WARN] (Minecraft) Exception loading blockstate definition: 'delicate_dyes:blockstates/sacramento_stained_glass_pane.json' missing model for variant: 'delicate_dyes:sacramento_stained_glass_pane#east=false,north=false,south=true,waterlogged=false,west=false'
[22:53:35] [Worker-Main-4/WARN] (Minecraft) Exception loading blockstate definition: 'delicate_dyes:blockstates/sacramento_stained_glass_pane.json' missing model for variant: 'delicate_dyes:sacramento_stained_glass_pane#east=true,north=false,south=false,waterlogged=false,west=false'
[22:53:35] [Worker-Main-4/WARN] (Minecraft) Exception loading blockstate definition: 'delicate_dyes:blockstates/sacramento_stained_glass_pane.json' missing model for variant: 'delicate_dyes:sacramento_stained_glass_pane#east=false,north=true,south=false,waterlogged=true,west=false'
[22:53:35] [Worker-Main-4/WARN] (Minecraft) Exception loading blockstate definition: 'delicate_dyes:blockstates/sacramento_stained_glass_pane.json' missing model for variant: 'delicate_dyes:sacramento_stained_glass_pane#east=false,north=true,south=false,waterlogged=true,west=true'
[22:53:35] [Worker-Main-4/WARN] (Minecraft) Exception loading blockstate definition: 'delicate_dyes:blockstates/sacramento_stained_glass_pane.json' missing model for variant: 'delicate_dyes:sacramento_stained_glass_pane#east=true,north=false,south=true,waterlogged=false,west=false'
[22:53:35] [Worker-Main-4/WARN] (Minecraft) Exception loading blockstate definition: 'delicate_dyes:blockstates/sacramento_stained_glass_pane.json' missing model for variant: 'delicate_dyes:sacramento_stained_glass_pane#east=false,north=false,south=false,waterlogged=false,west=true'
[22:53:35] [Worker-Main-4/WARN] (Minecraft) Exception loading blockstate definition: 'delicate_dyes:blockstates/sacramento_stained_glass_pane.json' missing model for variant: 'delicate_dyes:sacramento_stained_glass_pane#east=false,north=false,south=false,waterlogged=false,west=false'
[22:53:35] [Worker-Main-4/WARN] (Minecraft) Exception loading blockstate definition: 'delicate_dyes:blockstates/sacramento_stained_glass_pane.json' missing model for variant: 'delicate_dyes:sacramento_stained_glass_pane#east=true,north=true,south=true,waterlogged=true,west=false'
[22:53:35] [Worker-Main-4/WARN] (Minecraft) Exception loading blockstate definition: 'delicate_dyes:blockstates/sacramento_stained_glass_pane.json' missing model for variant: 'delicate_dyes:sacramento_stained_glass_pane#east=true,north=true,south=false,waterlogged=false,west=true'
[22:53:35] [Worker-Main-4/WARN] (Minecraft) Exception loading blockstate definition: 'delicate_dyes:blockstates/sacramento_stained_glass_pane.json' missing model for variant: 'delicate_dyes:sacramento_stained_glass_pane#east=false,north=true,south=true,waterlogged=true,west=false'
[22:53:35] [Worker-Main-4/WARN] (Minecraft) Exception loading blockstate definition: 'delicate_dyes:blockstates/sacramento_stained_glass_pane.json' missing model for variant: 'delicate_dyes:sacramento_stained_glass_pane#east=true,north=false,south=false,waterlogged=true,west=false'
[22:53:35] [Worker-Main-4/WARN] (Minecraft) Exception loading blockstate definition: 'delicate_dyes:blockstates/sacramento_stained_glass_pane.json' missing model for variant: 'delicate_dyes:sacramento_stained_glass_pane#east=true,north=true,south=false,waterlogged=true,west=true'
[22:53:35] [Worker-Main-4/WARN] (Minecraft) Exception loading blockstate definition: 'delicate_dyes:blockstates/sacramento_terracotta.json' missing model for variant: 'delicate_dyes:sacramento_terracotta#'
[22:53:35] [Worker-Main-4/WARN] (Minecraft) Exception loading blockstate definition: 'delicate_dyes:blockstates/sacramento_glazed_terracotta.json' missing model for variant: 'delicate_dyes:sacramento_glazed_terracotta#facing=east'
[22:53:35] [Worker-Main-4/WARN] (Minecraft) Exception loading blockstate definition: 'delicate_dyes:blockstates/sacramento_glazed_terracotta.json' missing model for variant: 'delicate_dyes:sacramento_glazed_terracotta#facing=south'
[22:53:35] [Worker-Main-4/WARN] (Minecraft) Exception loading blockstate definition: 'delicate_dyes:blockstates/sacramento_glazed_terracotta.json' missing model for variant: 'delicate_dyes:sacramento_glazed_terracotta#facing=north'
[22:53:35] [Worker-Main-4/WARN] (Minecraft) Exception loading blockstate definition: 'delicate_dyes:blockstates/sacramento_glazed_terracotta.json' missing model for variant: 'delicate_dyes:sacramento_glazed_terracotta#facing=west'
[22:53:35] [Worker-Main-4/WARN] (Minecraft) Exception loading blockstate definition: 'delicate_dyes:blockstates/sacramento_concrete.json' missing model for variant: 'delicate_dyes:sacramento_concrete#'
[22:53:35] [Worker-Main-4/WARN] (Minecraft) Exception loading blockstate definition: 'delicate_dyes:blockstates/sacramento_concrete_powder.json' missing model for variant: 'delicate_dyes:sacramento_concrete_powder#'
[22:53:35] [Worker-Main-4/WARN] (Minecraft) Exception loading blockstate definition: 'delicate_dyes:blockstates/sacramento_candle.json' missing model for variant: 'delicate_dyes:sacramento_candle#candles=4,lit=true,waterlogged=false'
[22:53:35] [Worker-Main-4/WARN] (Minecraft) Exception loading blockstate definition: 'delicate_dyes:blockstates/sacramento_candle.json' missing model for variant: 'delicate_dyes:sacramento_candle#candles=1,lit=true,waterlogged=true'
[22:53:35] [Worker-Main-4/WARN] (Minecraft) Exception loading blockstate definition: 'delicate_dyes:blockstates/sacramento_candle.json' missing model for variant: 'delicate_dyes:sacramento_candle#candles=2,lit=true,waterlogged=false'
[22:53:35] [Worker-Main-4/WARN] (Minecraft) Exception loading blockstate definition: 'delicate_dyes:blockstates/sacramento_candle.json' missing model for variant: 'delicate_dyes:sacramento_candle#candles=4,lit=false,waterlogged=false'
[22:53:35] [Worker-Main-4/WARN] (Minecraft) Exception loading blockstate definition: 'delicate_dyes:blockstates/sacramento_candle.json' missing model for variant: 'delicate_dyes:sacramento_candle#candles=2,lit=false,waterlogged=false'
[22:53:35] [Worker-Main-4/WARN] (Minecraft) Exception loading blockstate definition: 'delicate_dyes:blockstates/sacramento_candle.json' missing model for variant: 'delicate_dyes:sacramento_candle#candles=2,lit=false,waterlogged=true'
[22:53:35] [Worker-Main-4/WARN] (Minecraft) Exception loading blockstate definition: 'delicate_dyes:blockstates/sacramento_candle.json' missing model for variant: 'delicate_dyes:sacramento_candle#candles=4,lit=true,waterlogged=true'
[22:53:35] [Worker-Main-4/WARN] (Minecraft) Exception loading blockstate definition: 'delicate_dyes:blockstates/sacramento_candle.json' missing model for variant: 'delicate_dyes:sacramento_candle#candles=4,lit=false,waterlogged=true'
[22:53:35] [Worker-Main-4/WARN] (Minecraft) Exception loading blockstate definition: 'delicate_dyes:blockstates/sacramento_candle.json' missing model for variant: 'delicate_dyes:sacramento_candle#candles=3,lit=false,waterlogged=true'
[22:53:35] [Worker-Main-4/WARN] (Minecraft) Exception loading blockstate definition: 'delicate_dyes:blockstates/sacramento_candle.json' missing model for variant: 'delicate_dyes:sacramento_candle#candles=3,lit=true,waterlogged=false'
[22:53:35] [Worker-Main-4/WARN] (Minecraft) Exception loading blockstate definition: 'delicate_dyes:blockstates/sacramento_candle.json' missing model for variant: 'delicate_dyes:sacramento_candle#candles=2,lit=true,waterlogged=true'
[22:53:35] [Worker-Main-4/WARN] (Minecraft) Exception loading blockstate definition: 'delicate_dyes:blockstates/sacramento_candle.json' missing model for variant: 'delicate_dyes:sacramento_candle#candles=1,lit=true,waterlogged=false'
[22:53:35] [Worker-Main-4/WARN] (Minecraft) Exception loading blockstate definition: 'delicate_dyes:blockstates/sacramento_candle.json' missing model for variant: 'delicate_dyes:sacramento_candle#candles=3,lit=false,waterlogged=false'
[22:53:35] [Worker-Main-4/WARN] (Minecraft) Exception loading blockstate definition: 'delicate_dyes:blockstates/sacramento_candle.json' missing model for variant: 'delicate_dyes:sacramento_candle#candles=1,lit=false,waterlogged=false'
[22:53:35] [Worker-Main-4/WARN] (Minecraft) Exception loading blockstate definition: 'delicate_dyes:blockstates/sacramento_candle.json' missing model for variant: 'delicate_dyes:sacramento_candle#candles=1,lit=false,waterlogged=true'
[22:53:35] [Worker-Main-4/WARN] (Minecraft) Exception loading blockstate definition: 'delicate_dyes:blockstates/sacramento_candle.json' missing model for variant: 'delicate_dyes:sacramento_candle#candles=3,lit=true,waterlogged=true'
[22:53:35] [Worker-Main-4/WARN] (Minecraft) Exception loading blockstate definition: 'delicate_dyes:blockstates/sacramento_candle_cake.json' missing model for variant: 'delicate_dyes:sacramento_candle_cake#lit=false'
[22:53:35] [Worker-Main-4/WARN] (Minecraft) Exception loading blockstate definition: 'delicate_dyes:blockstates/sacramento_candle_cake.json' missing model for variant: 'delicate_dyes:sacramento_candle_cake#lit=true'
[22:53:35] [Worker-Main-4/WARN] (Minecraft) Exception loading blockstate definition: 'delicate_dyes:blockstates/sacramento_banner.json' missing model for variant: 'delicate_dyes:sacramento_banner#rotation=12'
[22:53:35] [Worker-Main-4/WARN] (Minecraft) Exception loading blockstate definition: 'delicate_dyes:blockstates/sacramento_banner.json' missing model for variant: 'delicate_dyes:sacramento_banner#rotation=11'
[22:53:35] [Worker-Main-4/WARN] (Minecraft) Exception loading blockstate definition: 'delicate_dyes:blockstates/sacramento_banner.json' missing model for variant: 'delicate_dyes:sacramento_banner#rotation=10'
[22:53:35] [Worker-Main-4/WARN] (Minecraft) Exception loading blockstate definition: 'delicate_dyes:blockstates/sacramento_banner.json' missing model for variant: 'delicate_dyes:sacramento_banner#rotation=9'
[22:53:35] [Worker-Main-4/WARN] (Minecraft) Exception loading blockstate definition: 'delicate_dyes:blockstates/sacramento_banner.json' missing model for variant: 'delicate_dyes:sacramento_banner#rotation=8'
[22:53:35] [Worker-Main-4/WARN] (Minecraft) Exception loading blockstate definition: 'delicate_dyes:blockstates/sacramento_banner.json' missing model for variant: 'delicate_dyes:sacramento_banner#rotation=15'
[22:53:35] [Worker-Main-4/WARN] (Minecraft) Exception loading blockstate definition: 'delicate_dyes:blockstates/sacramento_banner.json' missing model for variant: 'delicate_dyes:sacramento_banner#rotation=14'
[22:53:35] [Worker-Main-4/WARN] (Minecraft) Exception loading blockstate definition: 'delicate_dyes:blockstates/sacramento_banner.json' missing model for variant: 'delicate_dyes:sacramento_banner#rotation=13'
[22:53:35] [Worker-Main-4/WARN] (Minecraft) Exception loading blockstate definition: 'delicate_dyes:blockstates/sacramento_banner.json' missing model for variant: 'delicate_dyes:sacramento_banner#rotation=7'
[22:53:35] [Worker-Main-4/WARN] (Minecraft) Exception loading blockstate definition: 'delicate_dyes:blockstates/sacramento_banner.json' missing model for variant: 'delicate_dyes:sacramento_banner#rotation=6'
[22:53:35] [Worker-Main-4/WARN] (Minecraft) Exception loading blockstate definition: 'delicate_dyes:blockstates/sacramento_banner.json' missing model for variant: 'delicate_dyes:sacramento_banner#rotation=5'
[22:53:35] [Worker-Main-4/WARN] (Minecraft) Exception loading blockstate definition: 'delicate_dyes:blockstates/sacramento_banner.json' missing model for variant: 'delicate_dyes:sacramento_banner#rotation=4'
[22:53:35] [Worker-Main-4/WARN] (Minecraft) Exception loading blockstate definition: 'delicate_dyes:blockstates/sacramento_banner.json' missing model for variant: 'delicate_dyes:sacramento_banner#rotation=3'
[22:53:35] [Worker-Main-4/WARN] (Minecraft) Exception loading blockstate definition: 'delicate_dyes:blockstates/sacramento_banner.json' missing model for variant: 'delicate_dyes:sacramento_banner#rotation=2'
[22:53:35] [Worker-Main-4/WARN] (Minecraft) Exception loading blockstate definition: 'delicate_dyes:blockstates/sacramento_banner.json' missing model for variant: 'delicate_dyes:sacramento_banner#rotation=1'
[22:53:35] [Worker-Main-4/WARN] (Minecraft) Exception loading blockstate definition: 'delicate_dyes:blockstates/sacramento_banner.json' missing model for variant: 'delicate_dyes:sacramento_banner#rotation=0'
[22:53:35] [Worker-Main-4/WARN] (Minecraft) Exception loading blockstate definition: 'delicate_dyes:blockstates/sacramento_wall_banner.json' missing model for variant: 'delicate_dyes:sacramento_wall_banner#facing=south'
[22:53:35] [Worker-Main-4/WARN] (Minecraft) Exception loading blockstate definition: 'delicate_dyes:blockstates/sacramento_wall_banner.json' missing model for variant: 'delicate_dyes:sacramento_wall_banner#facing=east'
[22:53:35] [Worker-Main-4/WARN] (Minecraft) Exception loading blockstate definition: 'delicate_dyes:blockstates/sacramento_wall_banner.json' missing model for variant: 'delicate_dyes:sacramento_wall_banner#facing=north'
[22:53:35] [Worker-Main-4/WARN] (Minecraft) Exception loading blockstate definition: 'delicate_dyes:blockstates/sacramento_wall_banner.json' missing model for variant: 'delicate_dyes:sacramento_wall_banner#facing=west'
[22:53:35] [Worker-Main-4/WARN] (Minecraft) Exception loading blockstate definition: 'delicate_dyes:blockstates/sacramento_bed.json' missing model for variant: 'delicate_dyes:sacramento_bed#facing=south,occupied=false,part=head'
[22:53:35] [Worker-Main-4/WARN] (Minecraft) Exception loading blockstate definition: 'delicate_dyes:blockstates/sacramento_bed.json' missing model for variant: 'delicate_dyes:sacramento_bed#facing=east,occupied=false,part=foot'
[22:53:35] [Worker-Main-4/WARN] (Minecraft) Exception loading blockstate definition: 'delicate_dyes:blockstates/sacramento_bed.json' missing model for variant: 'delicate_dyes:sacramento_bed#facing=west,occupied=true,part=head'
[22:53:35] [Worker-Main-4/WARN] (Minecraft) Exception loading blockstate definition: 'delicate_dyes:blockstates/sacramento_bed.json' missing model for variant: 'delicate_dyes:sacramento_bed#facing=west,occupied=false,part=head'
[22:53:35] [Worker-Main-4/WARN] (Minecraft) Exception loading blockstate definition: 'delicate_dyes:blockstates/sacramento_bed.json' missing model for variant: 'delicate_dyes:sacramento_bed#facing=north,occupied=true,part=head'
[22:53:35] [Worker-Main-4/WARN] (Minecraft) Exception loading blockstate definition: 'delicate_dyes:blockstates/sacramento_bed.json' missing model for variant: 'delicate_dyes:sacramento_bed#facing=north,occupied=false,part=head'
[22:53:35] [Worker-Main-4/WARN] (Minecraft) Exception loading blockstate definition: 'delicate_dyes:blockstates/sacramento_bed.json' missing model for variant: 'delicate_dyes:sacramento_bed#facing=east,occupied=true,part=foot'
[22:53:35] [Worker-Main-4/WARN] (Minecraft) Exception loading blockstate definition: 'delicate_dyes:blockstates/sacramento_bed.json' missing model for variant: 'delicate_dyes:sacramento_bed#facing=south,occupied=true,part=foot'
[22:53:35] [Worker-Main-4/WARN] (Minecraft) Exception loading blockstate definition: 'delicate_dyes:blockstates/sacramento_bed.json' missing model for variant: 'delicate_dyes:sacramento_bed#facing=west,occupied=true,part=foot'
[22:53:35] [Worker-Main-4/WARN] (Minecraft) Exception loading blockstate definition: 'delicate_dyes:blockstates/sacramento_bed.json' missing model for variant: 'delicate_dyes:sacramento_bed#facing=south,occupied=false,part=foot'
[22:53:35] [Worker-Main-4/WARN] (Minecraft) Exception loading blockstate definition: 'delicate_dyes:blockstates/sacramento_bed.json' missing model for variant: 'delicate_dyes:sacramento_bed#facing=west,occupied=false,part=foot'
[22:53:35] [Worker-Main-4/WARN] (Minecraft) Exception loading blockstate definition: 'delicate_dyes:blockstates/sacramento_bed.json' missing model for variant: 'delicate_dyes:sacramento_bed#facing=north,occupied=false,part=foot'
[22:53:35] [Worker-Main-4/WARN] (Minecraft) Exception loading blockstate definition: 'delicate_dyes:blockstates/sacramento_bed.json' missing model for variant: 'delicate_dyes:sacramento_bed#facing=east,occupied=false,part=head'
[22:53:35] [Worker-Main-4/WARN] (Minecraft) Exception loading blockstate definition: 'delicate_dyes:blockstates/sacramento_bed.json' missing model for variant: 'delicate_dyes:sacramento_bed#facing=east,occupied=true,part=head'
[22:53:35] [Worker-Main-4/WARN] (Minecraft) Exception loading blockstate definition: 'delicate_dyes:blockstates/sacramento_bed.json' missing model for variant: 'delicate_dyes:sacramento_bed#facing=north,occupied=true,part=foot'
[22:53:35] [Worker-Main-4/WARN] (Minecraft) Exception loading blockstate definition: 'delicate_dyes:blockstates/sacramento_bed.json' missing model for variant: 'delicate_dyes:sacramento_bed#facing=south,occupied=true,part=head'
[22:53:35] [Worker-Main-4/WARN] (Minecraft) Exception loading blockstate definition: 'delicate_dyes:blockstates/sacramento_shulker_box.json' missing model for variant: 'delicate_dyes:sacramento_shulker_box#facing=south'
[22:53:35] [Worker-Main-4/WARN] (Minecraft) Exception loading blockstate definition: 'delicate_dyes:blockstates/sacramento_shulker_box.json' missing model for variant: 'delicate_dyes:sacramento_shulker_box#facing=north'
[22:53:35] [Worker-Main-4/WARN] (Minecraft) Exception loading blockstate definition: 'delicate_dyes:blockstates/sacramento_shulker_box.json' missing model for variant: 'delicate_dyes:sacramento_shulker_box#facing=up'
[22:53:35] [Worker-Main-4/WARN] (Minecraft) Exception loading blockstate definition: 'delicate_dyes:blockstates/sacramento_shulker_box.json' missing model for variant: 'delicate_dyes:sacramento_shulker_box#facing=west'
[22:53:35] [Worker-Main-4/WARN] (Minecraft) Exception loading blockstate definition: 'delicate_dyes:blockstates/sacramento_shulker_box.json' missing model for variant: 'delicate_dyes:sacramento_shulker_box#facing=down'
[22:53:35] [Worker-Main-4/WARN] (Minecraft) Exception loading blockstate definition: 'delicate_dyes:blockstates/sacramento_shulker_box.json' missing model for variant: 'delicate_dyes:sacramento_shulker_box#facing=east'
[22:53:35] [Worker-Main-4/WARN] (Minecraft) Exception loading blockstate definition: 'delicate_dyes:blockstates/sky_wool.json' missing model for variant: 'delicate_dyes:sky_wool#'
[22:53:35] [Worker-Main-4/WARN] (Minecraft) Exception loading blockstate definition: 'delicate_dyes:blockstates/sky_carpet.json' missing model for variant: 'delicate_dyes:sky_carpet#'
[22:53:35] [Worker-Main-4/WARN] (Minecraft) Exception loading blockstate definition: 'delicate_dyes:blockstates/sky_stained_glass.json' missing model for variant: 'delicate_dyes:sky_stained_glass#'
[22:53:35] [Worker-Main-4/WARN] (Minecraft) Exception loading blockstate definition: 'delicate_dyes:blockstates/sky_stained_glass_pane.json' missing model for variant: 'delicate_dyes:sky_stained_glass_pane#east=false,north=true,south=true,waterlogged=false,west=false'
[22:53:35] [Worker-Main-4/WARN] (Minecraft) Exception loading blockstate definition: 'delicate_dyes:blockstates/sky_stained_glass_pane.json' missing model for variant: 'delicate_dyes:sky_stained_glass_pane#east=false,north=false,south=true,waterlogged=false,west=true'
[22:53:35] [Worker-Main-4/WARN] (Minecraft) Exception loading blockstate definition: 'delicate_dyes:blockstates/sky_stained_glass_pane.json' missing model for variant: 'delicate_dyes:sky_stained_glass_pane#east=false,north=true,south=true,waterlogged=true,west=true'
[22:53:35] [Worker-Main-4/WARN] (Minecraft) Exception loading blockstate definition: 'delicate_dyes:blockstates/sky_stained_glass_pane.json' missing model for variant: 'delicate_dyes:sky_stained_glass_pane#east=true,north=false,south=true,waterlogged=false,west=false'
[22:53:35] [Worker-Main-4/WARN] (Minecraft) Exception loading blockstate definition: 'delicate_dyes:blockstates/sky_stained_glass_pane.json' missing model for variant: 'delicate_dyes:sky_stained_glass_pane#east=false,north=false,south=true,waterlogged=false,west=false'
[22:53:35] [Worker-Main-4/WARN] (Minecraft) Exception loading blockstate definition: 'delicate_dyes:blockstates/sky_stained_glass_pane.json' missing model for variant: 'delicate_dyes:sky_stained_glass_pane#east=true,north=true,south=true,waterlogged=false,west=true'
[22:53:35] [Worker-Main-4/WARN] (Minecraft) Exception loading blockstate definition: 'delicate_dyes:blockstates/sky_stained_glass_pane.json' missing model for variant: 'delicate_dyes:sky_stained_glass_pane#east=false,north=true,south=false,waterlogged=false,west=true'
[22:53:35] [Worker-Main-4/WARN] (Minecraft) Exception loading blockstate definition: 'delicate_dyes:blockstates/sky_stained_glass_pane.json' missing model for variant: 'delicate_dyes:sky_stained_glass_pane#east=false,north=false,south=false,waterlogged=true,west=false'
[22:53:35] [Worker-Main-4/WARN] (Minecraft) Exception loading blockstate definition: 'delicate_dyes:blockstates/sky_stained_glass_pane.json' missing model for variant: 'delicate_dyes:sky_stained_glass_pane#east=false,north=false,south=true,waterlogged=true,west=true'
[22:53:35] [Worker-Main-4/WARN] (Minecraft) Exception loading blockstate definition: 'delicate_dyes:blockstates/sky_stained_glass_pane.json' missing model for variant: 'delicate_dyes:sky_stained_glass_pane#east=true,north=true,south=true,waterlogged=false,west=false'
[22:53:35] [Worker-Main-4/WARN] (Minecraft) Exception loading blockstate definition: 'delicate_dyes:blockstates/sky_stained_glass_pane.json' missing model for variant: 'delicate_dyes:sky_stained_glass_pane#east=true,north=false,south=true,waterlogged=false,west=true'
[22:53:35] [Worker-Main-4/WARN] (Minecraft) Exception loading blockstate definition: 'delicate_dyes:blockstates/sky_stained_glass_pane.json' missing model for variant: 'delicate_dyes:sky_stained_glass_pane#east=true,north=false,south=false,waterlogged=false,west=true'
[22:53:35] [Worker-Main-4/WARN] (Minecraft) Exception loading blockstate definition: 'delicate_dyes:blockstates/sky_stained_glass_pane.json' missing model for variant: 'delicate_dyes:sky_stained_glass_pane#east=false,north=true,south=true,waterlogged=false,west=true'
[22:53:35] [Worker-Main-4/WARN] (Minecraft) Exception loading blockstate definition: 'delicate_dyes:blockstates/sky_stained_glass_pane.json' missing model for variant: 'delicate_dyes:sky_stained_glass_pane#east=true,north=true,south=true,waterlogged=true,west=true'
[22:53:35] [Worker-Main-4/WARN] (Minecraft) Exception loading blockstate definition: 'delicate_dyes:blockstates/sky_stained_glass_pane.json' missing model for variant: 'delicate_dyes:sky_stained_glass_pane#east=true,north=true,south=false,waterlogged=true,west=false'
[22:53:35] [Worker-Main-4/WARN] (Minecraft) Exception loading blockstate definition: 'delicate_dyes:blockstates/sky_stained_glass_pane.json' missing model for variant: 'delicate_dyes:sky_stained_glass_pane#east=true,north=false,south=true,waterlogged=true,west=true'
[22:53:35] [Worker-Main-4/WARN] (Minecraft) Exception loading blockstate definition: 'delicate_dyes:blockstates/sky_stained_glass_pane.json' missing model for variant: 'delicate_dyes:sky_stained_glass_pane#east=true,north=true,south=false,waterlogged=false,west=false'
[22:53:35] [Worker-Main-4/WARN] (Minecraft) Exception loading blockstate definition: 'delicate_dyes:blockstates/sky_stained_glass_pane.json' missing model for variant: 'delicate_dyes:sky_stained_glass_pane#east=true,north=true,south=false,waterlogged=true,west=true'
[22:53:35] [Worker-Main-4/WARN] (Minecraft) Exception loading blockstate definition: 'delicate_dyes:blockstates/sky_stained_glass_pane.json' missing model for variant: 'delicate_dyes:sky_stained_glass_pane#east=false,north=false,south=true,waterlogged=true,west=false'
[22:53:35] [Worker-Main-4/WARN] (Minecraft) Exception loading blockstate definition: 'delicate_dyes:blockstates/sky_stained_glass_pane.json' missing model for variant: 'delicate_dyes:sky_stained_glass_pane#east=true,north=false,south=false,waterlogged=true,west=true'
[22:53:35] [Worker-Main-4/WARN] (Minecraft) Exception loading blockstate definition: 'delicate_dyes:blockstates/sky_stained_glass_pane.json' missing model for variant: 'delicate_dyes:sky_stained_glass_pane#east=true,north=true,south=true,waterlogged=true,west=false'
[22:53:35] [Worker-Main-4/WARN] (Minecraft) Exception loading blockstate definition: 'delicate_dyes:blockstates/sky_stained_glass_pane.json' missing model for variant: 'delicate_dyes:sky_stained_glass_pane#east=false,north=false,south=false,waterlogged=false,west=true'
[22:53:35] [Worker-Main-4/WARN] (Minecraft) Exception loading blockstate definition: 'delicate_dyes:blockstates/sky_stained_glass_pane.json' missing model for variant: 'delicate_dyes:sky_stained_glass_pane#east=false,north=true,south=false,waterlogged=false,west=false'
[22:53:35] [Worker-Main-4/WARN] (Minecraft) Exception loading blockstate definition: 'delicate_dyes:blockstates/sky_stained_glass_pane.json' missing model for variant: 'delicate_dyes:sky_stained_glass_pane#east=false,north=false,south=false,waterlogged=true,west=true'
[22:53:35] [Worker-Main-4/WARN] (Minecraft) Exception loading blockstate definition: 'delicate_dyes:blockstates/sky_stained_glass_pane.json' missing model for variant: 'delicate_dyes:sky_stained_glass_pane#east=true,north=false,south=true,waterlogged=true,west=false'
[22:53:35] [Worker-Main-4/WARN] (Minecraft) Exception loading blockstate definition: 'delicate_dyes:blockstates/sky_stained_glass_pane.json' missing model for variant: 'delicate_dyes:sky_stained_glass_pane#east=true,north=false,south=false,waterlogged=true,west=false'
[22:53:35] [Worker-Main-4/WARN] (Minecraft) Exception loading blockstate definition: 'delicate_dyes:blockstates/sky_stained_glass_pane.json' missing model for variant: 'delicate_dyes:sky_stained_glass_pane#east=true,north=false,south=false,waterlogged=false,west=false'
[22:53:35] [Worker-Main-4/WARN] (Minecraft) Exception loading blockstate definition: 'delicate_dyes:blockstates/sky_stained_glass_pane.json' missing model for variant: 'delicate_dyes:sky_stained_glass_pane#east=false,north=false,south=false,waterlogged=false,west=false'
[22:53:35] [Worker-Main-4/WARN] (Minecraft) Exception loading blockstate definition: 'delicate_dyes:blockstates/sky_stained_glass_pane.json' missing model for variant: 'delicate_dyes:sky_stained_glass_pane#east=false,north=true,south=false,waterlogged=true,west=true'
[22:53:35] [Worker-Main-4/WARN] (Minecraft) Exception loading blockstate definition: 'delicate_dyes:blockstates/sky_stained_glass_pane.json' missing model for variant: 'delicate_dyes:sky_stained_glass_pane#east=true,north=true,south=false,waterlogged=false,west=true'
[22:53:35] [Worker-Main-4/WARN] (Minecraft) Exception loading blockstate definition: 'delicate_dyes:blockstates/sky_stained_glass_pane.json' missing model for variant: 'delicate_dyes:sky_stained_glass_pane#east=false,north=true,south=false,waterlogged=true,west=false'
[22:53:35] [Worker-Main-4/WARN] (Minecraft) Exception loading blockstate definition: 'delicate_dyes:blockstates/sky_stained_glass_pane.json' missing model for variant: 'delicate_dyes:sky_stained_glass_pane#east=false,north=true,south=true,waterlogged=true,west=false'
[22:53:35] [Worker-Main-4/WARN] (Minecraft) Exception loading blockstate definition: 'delicate_dyes:blockstates/sky_terracotta.json' missing model for variant: 'delicate_dyes:sky_terracotta#'
[22:53:35] [Worker-Main-4/WARN] (Minecraft) Exception loading blockstate definition: 'delicate_dyes:blockstates/sky_glazed_terracotta.json' missing model for variant: 'delicate_dyes:sky_glazed_terracotta#facing=west'
[22:53:35] [Worker-Main-4/WARN] (Minecraft) Exception loading blockstate definition: 'delicate_dyes:blockstates/sky_glazed_terracotta.json' missing model for variant: 'delicate_dyes:sky_glazed_terracotta#facing=south'
[22:53:35] [Worker-Main-4/WARN] (Minecraft) Exception loading blockstate definition: 'delicate_dyes:blockstates/sky_glazed_terracotta.json' missing model for variant: 'delicate_dyes:sky_glazed_terracotta#facing=north'
[22:53:35] [Worker-Main-4/WARN] (Minecraft) Exception loading blockstate definition: 'delicate_dyes:blockstates/sky_glazed_terracotta.json' missing model for variant: 'delicate_dyes:sky_glazed_terracotta#facing=east'
[22:53:35] [Worker-Main-4/WARN] (Minecraft) Exception loading blockstate definition: 'delicate_dyes:blockstates/sky_concrete.json' missing model for variant: 'delicate_dyes:sky_concrete#'
[22:53:35] [Worker-Main-4/WARN] (Minecraft) Exception loading blockstate definition: 'delicate_dyes:blockstates/sky_concrete_powder.json' missing model for variant: 'delicate_dyes:sky_concrete_powder#'
[22:53:35] [Worker-Main-4/WARN] (Minecraft) Exception loading blockstate definition: 'delicate_dyes:blockstates/sky_candle.json' missing model for variant: 'delicate_dyes:sky_candle#candles=3,lit=false,waterlogged=true'
[22:53:35] [Worker-Main-4/WARN] (Minecraft) Exception loading blockstate definition: 'delicate_dyes:blockstates/sky_candle.json' missing model for variant: 'delicate_dyes:sky_candle#candles=4,lit=true,waterlogged=true'
[22:53:35] [Worker-Main-4/WARN] (Minecraft) Exception loading blockstate definition: 'delicate_dyes:blockstates/sky_candle.json' missing model for variant: 'delicate_dyes:sky_candle#candles=2,lit=false,waterlogged=false'
[22:53:35] [Worker-Main-4/WARN] (Minecraft) Exception loading blockstate definition: 'delicate_dyes:blockstates/sky_candle.json' missing model for variant: 'delicate_dyes:sky_candle#candles=1,lit=false,waterlogged=true'
[22:53:35] [Worker-Main-4/WARN] (Minecraft) Exception loading blockstate definition: 'delicate_dyes:blockstates/sky_candle.json' missing model for variant: 'delicate_dyes:sky_candle#candles=4,lit=false,waterlogged=false'
[22:53:35] [Worker-Main-4/WARN] (Minecraft) Exception loading blockstate definition: 'delicate_dyes:blockstates/sky_candle.json' missing model for variant: 'delicate_dyes:sky_candle#candles=1,lit=true,waterlogged=true'
[22:53:35] [Worker-Main-4/WARN] (Minecraft) Exception loading blockstate definition: 'delicate_dyes:blockstates/sky_candle.json' missing model for variant: 'delicate_dyes:sky_candle#candles=2,lit=true,waterlogged=false'
[22:53:35] [Worker-Main-4/WARN] (Minecraft) Exception loading blockstate definition: 'delicate_dyes:blockstates/sky_candle.json' missing model for variant: 'delicate_dyes:sky_candle#candles=4,lit=true,waterlogged=false'
[22:53:35] [Worker-Main-4/WARN] (Minecraft) Exception loading blockstate definition: 'delicate_dyes:blockstates/sky_candle.json' missing model for variant: 'delicate_dyes:sky_candle#candles=4,lit=false,waterlogged=true'
[22:53:35] [Worker-Main-4/WARN] (Minecraft) Exception loading blockstate definition: 'delicate_dyes:blockstates/sky_candle.json' missing model for variant: 'delicate_dyes:sky_candle#candles=3,lit=true,waterlogged=true'
[22:53:35] [Worker-Main-4/WARN] (Minecraft) Exception loading blockstate definition: 'delicate_dyes:blockstates/sky_candle.json' missing model for variant: 'delicate_dyes:sky_candle#candles=1,lit=true,waterlogged=false'
[22:53:35] [Worker-Main-4/WARN] (Minecraft) Exception loading blockstate definition: 'delicate_dyes:blockstates/sky_candle.json' missing model for variant: 'delicate_dyes:sky_candle#candles=1,lit=false,waterlogged=false'
[22:53:35] [Worker-Main-4/WARN] (Minecraft) Exception loading blockstate definition: 'delicate_dyes:blockstates/sky_candle.json' missing model for variant: 'delicate_dyes:sky_candle#candles=3,lit=false,waterlogged=false'
[22:53:35] [Worker-Main-4/WARN] (Minecraft) Exception loading blockstate definition: 'delicate_dyes:blockstates/sky_candle.json' missing model for variant: 'delicate_dyes:sky_candle#candles=2,lit=false,waterlogged=true'
[22:53:35] [Worker-Main-4/WARN] (Minecraft) Exception loading blockstate definition: 'delicate_dyes:blockstates/sky_candle.json' missing model for variant: 'delicate_dyes:sky_candle#candles=2,lit=true,waterlogged=true'
[22:53:35] [Worker-Main-4/WARN] (Minecraft) Exception loading blockstate definition: 'delicate_dyes:blockstates/sky_candle.json' missing model for variant: 'delicate_dyes:sky_candle#candles=3,lit=true,waterlogged=false'
[22:53:35] [Worker-Main-4/WARN] (Minecraft) Exception loading blockstate definition: 'delicate_dyes:blockstates/sky_candle_cake.json' missing model for variant: 'delicate_dyes:sky_candle_cake#lit=true'
[22:53:35] [Worker-Main-4/WARN] (Minecraft) Exception loading blockstate definition: 'delicate_dyes:blockstates/sky_candle_cake.json' missing model for variant: 'delicate_dyes:sky_candle_cake#lit=false'
[22:53:35] [Worker-Main-4/WARN] (Minecraft) Exception loading blockstate definition: 'delicate_dyes:blockstates/sky_banner.json' missing model for variant: 'delicate_dyes:sky_banner#rotation=1'
[22:53:35] [Worker-Main-4/WARN] (Minecraft) Exception loading blockstate definition: 'delicate_dyes:blockstates/sky_banner.json' missing model for variant: 'delicate_dyes:sky_banner#rotation=0'
[22:53:35] [Worker-Main-4/WARN] (Minecraft) Exception loading blockstate definition: 'delicate_dyes:blockstates/sky_banner.json' missing model for variant: 'delicate_dyes:sky_banner#rotation=3'
[22:53:35] [Worker-Main-4/WARN] (Minecraft) Exception loading blockstate definition: 'delicate_dyes:blockstates/sky_banner.json' missing model for variant: 'delicate_dyes:sky_banner#rotation=2'
[22:53:35] [Worker-Main-4/WARN] (Minecraft) Exception loading blockstate definition: 'delicate_dyes:blockstates/sky_banner.json' missing model for variant: 'delicate_dyes:sky_banner#rotation=10'
[22:53:35] [Worker-Main-4/WARN] (Minecraft) Exception loading blockstate definition: 'delicate_dyes:blockstates/sky_banner.json' missing model for variant: 'delicate_dyes:sky_banner#rotation=11'
[22:53:35] [Worker-Main-4/WARN] (Minecraft) Exception loading blockstate definition: 'delicate_dyes:blockstates/sky_banner.json' missing model for variant: 'delicate_dyes:sky_banner#rotation=12'
[22:53:35] [Worker-Main-4/WARN] (Minecraft) Exception loading blockstate definition: 'delicate_dyes:blockstates/sky_banner.json' missing model for variant: 'delicate_dyes:sky_banner#rotation=13'
[22:53:35] [Worker-Main-4/WARN] (Minecraft) Exception loading blockstate definition: 'delicate_dyes:blockstates/sky_banner.json' missing model for variant: 'delicate_dyes:sky_banner#rotation=14'
[22:53:35] [Worker-Main-4/WARN] (Minecraft) Exception loading blockstate definition: 'delicate_dyes:blockstates/sky_banner.json' missing model for variant: 'delicate_dyes:sky_banner#rotation=15'
[22:53:35] [Worker-Main-4/WARN] (Minecraft) Exception loading blockstate definition: 'delicate_dyes:blockstates/sky_banner.json' missing model for variant: 'delicate_dyes:sky_banner#rotation=5'
[22:53:35] [Worker-Main-4/WARN] (Minecraft) Exception loading blockstate definition: 'delicate_dyes:blockstates/sky_banner.json' missing model for variant: 'delicate_dyes:sky_banner#rotation=4'
[22:53:35] [Worker-Main-4/WARN] (Minecraft) Exception loading blockstate definition: 'delicate_dyes:blockstates/sky_banner.json' missing model for variant: 'delicate_dyes:sky_banner#rotation=7'
[22:53:35] [Worker-Main-4/WARN] (Minecraft) Exception loading blockstate definition: 'delicate_dyes:blockstates/sky_banner.json' missing model for variant: 'delicate_dyes:sky_banner#rotation=6'
[22:53:35] [Worker-Main-4/WARN] (Minecraft) Exception loading blockstate definition: 'delicate_dyes:blockstates/sky_banner.json' missing model for variant: 'delicate_dyes:sky_banner#rotation=9'
[22:53:35] [Worker-Main-4/WARN] (Minecraft) Exception loading blockstate definition: 'delicate_dyes:blockstates/sky_banner.json' missing model for variant: 'delicate_dyes:sky_banner#rotation=8'
[22:53:35] [Worker-Main-4/WARN] (Minecraft) Exception loading blockstate definition: 'delicate_dyes:blockstates/sky_wall_banner.json' missing model for variant: 'delicate_dyes:sky_wall_banner#facing=east'
[22:53:35] [Worker-Main-4/WARN] (Minecraft) Exception loading blockstate definition: 'delicate_dyes:blockstates/sky_wall_banner.json' missing model for variant: 'delicate_dyes:sky_wall_banner#facing=west'
[22:53:35] [Worker-Main-4/WARN] (Minecraft) Exception loading blockstate definition: 'delicate_dyes:blockstates/sky_wall_banner.json' missing model for variant: 'delicate_dyes:sky_wall_banner#facing=south'
[22:53:35] [Worker-Main-4/WARN] (Minecraft) Exception loading blockstate definition: 'delicate_dyes:blockstates/sky_wall_banner.json' missing model for variant: 'delicate_dyes:sky_wall_banner#facing=north'
[22:53:35] [Worker-Main-4/WARN] (Minecraft) Exception loading blockstate definition: 'delicate_dyes:blockstates/sky_bed.json' missing model for variant: 'delicate_dyes:sky_bed#facing=east,occupied=true,part=head'
[22:53:35] [Worker-Main-4/WARN] (Minecraft) Exception loading blockstate definition: 'delicate_dyes:blockstates/sky_bed.json' missing model for variant: 'delicate_dyes:sky_bed#facing=west,occupied=true,part=head'
[22:53:35] [Worker-Main-4/WARN] (Minecraft) Exception loading blockstate definition: 'delicate_dyes:blockstates/sky_bed.json' missing model for variant: 'delicate_dyes:sky_bed#facing=south,occupied=true,part=foot'
[22:53:35] [Worker-Main-4/WARN] (Minecraft) Exception loading blockstate definition: 'delicate_dyes:blockstates/sky_bed.json' missing model for variant: 'delicate_dyes:sky_bed#facing=west,occupied=false,part=foot'
[22:53:35] [Worker-Main-4/WARN] (Minecraft) Exception loading blockstate definition: 'delicate_dyes:blockstates/sky_bed.json' missing model for variant: 'delicate_dyes:sky_bed#facing=north,occupied=false,part=foot'
[22:53:35] [Worker-Main-4/WARN] (Minecraft) Exception loading blockstate definition: 'delicate_dyes:blockstates/sky_bed.json' missing model for variant: 'delicate_dyes:sky_bed#facing=north,occupied=true,part=head'
[22:53:35] [Worker-Main-4/WARN] (Minecraft) Exception loading blockstate definition: 'delicate_dyes:blockstates/sky_bed.json' missing model for variant: 'delicate_dyes:sky_bed#facing=south,occupied=false,part=head'
[22:53:35] [Worker-Main-4/WARN] (Minecraft) Exception loading blockstate definition: 'delicate_dyes:blockstates/sky_bed.json' missing model for variant: 'delicate_dyes:sky_bed#facing=east,occupied=true,part=foot'
[22:53:35] [Worker-Main-4/WARN] (Minecraft) Exception loading blockstate definition: 'delicate_dyes:blockstates/sky_bed.json' missing model for variant: 'delicate_dyes:sky_bed#facing=east,occupied=false,part=head'
[22:53:35] [Worker-Main-4/WARN] (Minecraft) Exception loading blockstate definition: 'delicate_dyes:blockstates/sky_bed.json' missing model for variant: 'delicate_dyes:sky_bed#facing=north,occupied=false,part=head'
[22:53:35] [Worker-Main-4/WARN] (Minecraft) Exception loading blockstate definition: 'delicate_dyes:blockstates/sky_bed.json' missing model for variant: 'delicate_dyes:sky_bed#facing=west,occupied=true,part=foot'
[22:53:35] [Worker-Main-4/WARN] (Minecraft) Exception loading blockstate definition: 'delicate_dyes:blockstates/sky_bed.json' missing model for variant: 'delicate_dyes:sky_bed#facing=west,occupied=false,part=head'
[22:53:35] [Worker-Main-4/WARN] (Minecraft) Exception loading blockstate definition: 'delicate_dyes:blockstates/sky_bed.json' missing model for variant: 'delicate_dyes:sky_bed#facing=south,occupied=true,part=head'
[22:53:35] [Worker-Main-4/WARN] (Minecraft) Exception loading blockstate definition: 'delicate_dyes:blockstates/sky_bed.json' missing model for variant: 'delicate_dyes:sky_bed#facing=east,occupied=false,part=foot'
[22:53:35] [Worker-Main-4/WARN] (Minecraft) Exception loading blockstate definition: 'delicate_dyes:blockstates/sky_bed.json' missing model for variant: 'delicate_dyes:sky_bed#facing=south,occupied=false,part=foot'
[22:53:35] [Worker-Main-4/WARN] (Minecraft) Exception loading blockstate definition: 'delicate_dyes:blockstates/sky_bed.json' missing model for variant: 'delicate_dyes:sky_bed#facing=north,occupied=true,part=foot'
[22:53:35] [Worker-Main-4/WARN] (Minecraft) Exception loading blockstate definition: 'delicate_dyes:blockstates/sky_shulker_box.json' missing model for variant: 'delicate_dyes:sky_shulker_box#facing=up'
[22:53:35] [Worker-Main-4/WARN] (Minecraft) Exception loading blockstate definition: 'delicate_dyes:blockstates/sky_shulker_box.json' missing model for variant: 'delicate_dyes:sky_shulker_box#facing=east'
[22:53:35] [Worker-Main-4/WARN] (Minecraft) Exception loading blockstate definition: 'delicate_dyes:blockstates/sky_shulker_box.json' missing model for variant: 'delicate_dyes:sky_shulker_box#facing=west'
[22:53:35] [Worker-Main-4/WARN] (Minecraft) Exception loading blockstate definition: 'delicate_dyes:blockstates/sky_shulker_box.json' missing model for variant: 'delicate_dyes:sky_shulker_box#facing=north'
[22:53:35] [Worker-Main-4/WARN] (Minecraft) Exception loading blockstate definition: 'delicate_dyes:blockstates/sky_shulker_box.json' missing model for variant: 'delicate_dyes:sky_shulker_box#facing=south'
[22:53:35] [Worker-Main-4/WARN] (Minecraft) Exception loading blockstate definition: 'delicate_dyes:blockstates/sky_shulker_box.json' missing model for variant: 'delicate_dyes:sky_shulker_box#facing=down'
[22:53:35] [Worker-Main-4/WARN] (Minecraft) Exception loading blockstate definition: 'delicate_dyes:blockstates/blurple_wool.json' missing model for variant: 'delicate_dyes:blurple_wool#'
[22:53:35] [Worker-Main-4/WARN] (Minecraft) Exception loading blockstate definition: 'delicate_dyes:blockstates/blurple_carpet.json' missing model for variant: 'delicate_dyes:blurple_carpet#'
[22:53:35] [Worker-Main-4/WARN] (Minecraft) Exception loading blockstate definition: 'delicate_dyes:blockstates/blurple_stained_glass.json' missing model for variant: 'delicate_dyes:blurple_stained_glass#'
[22:53:35] [Worker-Main-4/WARN] (Minecraft) Exception loading blockstate definition: 'delicate_dyes:blockstates/blurple_stained_glass_pane.json' missing model for variant: 'delicate_dyes:blurple_stained_glass_pane#east=true,north=false,south=true,waterlogged=false,west=false'
[22:53:35] [Worker-Main-4/WARN] (Minecraft) Exception loading blockstate definition: 'delicate_dyes:blockstates/blurple_stained_glass_pane.json' missing model for variant: 'delicate_dyes:blurple_stained_glass_pane#east=false,north=true,south=true,waterlogged=false,west=true'
[22:53:35] [Worker-Main-4/WARN] (Minecraft) Exception loading blockstate definition: 'delicate_dyes:blockstates/blurple_stained_glass_pane.json' missing model for variant: 'delicate_dyes:blurple_stained_glass_pane#east=false,north=false,south=false,waterlogged=false,west=false'
[22:53:35] [Worker-Main-4/WARN] (Minecraft) Exception loading blockstate definition: 'delicate_dyes:blockstates/blurple_stained_glass_pane.json' missing model for variant: 'delicate_dyes:blurple_stained_glass_pane#east=false,north=false,south=true,waterlogged=false,west=true'
[22:53:35] [Worker-Main-4/WARN] (Minecraft) Exception loading blockstate definition: 'delicate_dyes:blockstates/blurple_stained_glass_pane.json' missing model for variant: 'delicate_dyes:blurple_stained_glass_pane#east=false,north=false,south=true,waterlogged=false,west=false'
[22:53:35] [Worker-Main-4/WARN] (Minecraft) Exception loading blockstate definition: 'delicate_dyes:blockstates/blurple_stained_glass_pane.json' missing model for variant: 'delicate_dyes:blurple_stained_glass_pane#east=true,north=false,south=true,waterlogged=true,west=false'
[22:53:35] [Worker-Main-4/WARN] (Minecraft) Exception loading blockstate definition: 'delicate_dyes:blockstates/blurple_stained_glass_pane.json' missing model for variant: 'delicate_dyes:blurple_stained_glass_pane#east=true,north=false,south=false,waterlogged=true,west=true'
[22:53:35] [Worker-Main-4/WARN] (Minecraft) Exception loading blockstate definition: 'delicate_dyes:blockstates/blurple_stained_glass_pane.json' missing model for variant: 'delicate_dyes:blurple_stained_glass_pane#east=true,north=false,south=false,waterlogged=false,west=true'
[22:53:35] [Worker-Main-4/WARN] (Minecraft) Exception loading blockstate definition: 'delicate_dyes:blockstates/blurple_stained_glass_pane.json' missing model for variant: 'delicate_dyes:blurple_stained_glass_pane#east=true,north=false,south=true,waterlogged=false,west=true'
[22:53:35] [Worker-Main-4/WARN] (Minecraft) Exception loading blockstate definition: 'delicate_dyes:blockstates/blurple_stained_glass_pane.json' missing model for variant: 'delicate_dyes:blurple_stained_glass_pane#east=true,north=true,south=true,waterlogged=false,west=true'
[22:53:35] [Worker-Main-4/WARN] (Minecraft) Exception loading blockstate definition: 'delicate_dyes:blockstates/blurple_stained_glass_pane.json' missing model for variant: 'delicate_dyes:blurple_stained_glass_pane#east=true,north=true,south=false,waterlogged=true,west=false'
[22:53:35] [Worker-Main-4/WARN] (Minecraft) Exception loading blockstate definition: 'delicate_dyes:blockstates/blurple_stained_glass_pane.json' missing model for variant: 'delicate_dyes:blurple_stained_glass_pane#east=false,north=false,south=false,waterlogged=true,west=false'
[22:53:35] [Worker-Main-4/WARN] (Minecraft) Exception loading blockstate definition: 'delicate_dyes:blockstates/blurple_stained_glass_pane.json' missing model for variant: 'delicate_dyes:blurple_stained_glass_pane#east=true,north=true,south=true,waterlogged=false,west=false'
[22:53:35] [Worker-Main-4/WARN] (Minecraft) Exception loading blockstate definition: 'delicate_dyes:blockstates/blurple_stained_glass_pane.json' missing model for variant: 'delicate_dyes:blurple_stained_glass_pane#east=true,north=false,south=true,waterlogged=true,west=true'
[22:53:35] [Worker-Main-4/WARN] (Minecraft) Exception loading blockstate definition: 'delicate_dyes:blockstates/blurple_stained_glass_pane.json' missing model for variant: 'delicate_dyes:blurple_stained_glass_pane#east=false,north=true,south=false,waterlogged=false,west=true'
[22:53:35] [Worker-Main-4/WARN] (Minecraft) Exception loading blockstate definition: 'delicate_dyes:blockstates/blurple_stained_glass_pane.json' missing model for variant: 'delicate_dyes:blurple_stained_glass_pane#east=false,north=false,south=false,waterlogged=true,west=true'
[22:53:35] [Worker-Main-4/WARN] (Minecraft) Exception loading blockstate definition: 'delicate_dyes:blockstates/blurple_stained_glass_pane.json' missing model for variant: 'delicate_dyes:blurple_stained_glass_pane#east=false,north=true,south=false,waterlogged=true,west=true'
[22:53:35] [Worker-Main-4/WARN] (Minecraft) Exception loading blockstate definition: 'delicate_dyes:blockstates/blurple_stained_glass_pane.json' missing model for variant: 'delicate_dyes:blurple_stained_glass_pane#east=false,north=false,south=true,waterlogged=true,west=true'
[22:53:35] [Worker-Main-4/WARN] (Minecraft) Exception loading blockstate definition: 'delicate_dyes:blockstates/blurple_stained_glass_pane.json' missing model for variant: 'delicate_dyes:blurple_stained_glass_pane#east=true,north=true,south=true,waterlogged=true,west=true'
[22:53:35] [Worker-Main-4/WARN] (Minecraft) Exception loading blockstate definition: 'delicate_dyes:blockstates/blurple_stained_glass_pane.json' missing model for variant: 'delicate_dyes:blurple_stained_glass_pane#east=false,north=true,south=false,waterlogged=false,west=false'
[22:53:35] [Worker-Main-4/WARN] (Minecraft) Exception loading blockstate definition: 'delicate_dyes:blockstates/blurple_stained_glass_pane.json' missing model for variant: 'delicate_dyes:blurple_stained_glass_pane#east=false,north=false,south=true,waterlogged=true,west=false'
[22:53:35] [Worker-Main-4/WARN] (Minecraft) Exception loading blockstate definition: 'delicate_dyes:blockstates/blurple_stained_glass_pane.json' missing model for variant: 'delicate_dyes:blurple_stained_glass_pane#east=true,north=true,south=true,waterlogged=true,west=false'
[22:53:35] [Worker-Main-4/WARN] (Minecraft) Exception loading blockstate definition: 'delicate_dyes:blockstates/blurple_stained_glass_pane.json' missing model for variant: 'delicate_dyes:blurple_stained_glass_pane#east=false,north=false,south=false,waterlogged=false,west=true'
[22:53:35] [Worker-Main-4/WARN] (Minecraft) Exception loading blockstate definition: 'delicate_dyes:blockstates/blurple_stained_glass_pane.json' missing model for variant: 'delicate_dyes:blurple_stained_glass_pane#east=false,north=true,south=true,waterlogged=true,west=true'
[22:53:35] [Worker-Main-4/WARN] (Minecraft) Exception loading blockstate definition: 'delicate_dyes:blockstates/blurple_stained_glass_pane.json' missing model for variant: 'delicate_dyes:blurple_stained_glass_pane#east=true,north=true,south=false,waterlogged=false,west=false'
[22:53:35] [Worker-Main-4/WARN] (Minecraft) Exception loading blockstate definition: 'delicate_dyes:blockstates/blurple_stained_glass_pane.json' missing model for variant: 'delicate_dyes:blurple_stained_glass_pane#east=false,north=true,south=true,waterlogged=false,west=false'
[22:53:35] [Worker-Main-4/WARN] (Minecraft) Exception loading blockstate definition: 'delicate_dyes:blockstates/blurple_stained_glass_pane.json' missing model for variant: 'delicate_dyes:blurple_stained_glass_pane#east=false,north=true,south=false,waterlogged=true,west=false'
[22:53:35] [Worker-Main-4/WARN] (Minecraft) Exception loading blockstate definition: 'delicate_dyes:blockstates/blurple_stained_glass_pane.json' missing model for variant: 'delicate_dyes:blurple_stained_glass_pane#east=true,north=false,south=false,waterlogged=true,west=false'
[22:53:35] [Worker-Main-4/WARN] (Minecraft) Exception loading blockstate definition: 'delicate_dyes:blockstates/blurple_stained_glass_pane.json' missing model for variant: 'delicate_dyes:blurple_stained_glass_pane#east=false,north=true,south=true,waterlogged=true,west=false'
[22:53:35] [Worker-Main-4/WARN] (Minecraft) Exception loading blockstate definition: 'delicate_dyes:blockstates/blurple_stained_glass_pane.json' missing model for variant: 'delicate_dyes:blurple_stained_glass_pane#east=true,north=true,south=false,waterlogged=false,west=true'
[22:53:35] [Worker-Main-4/WARN] (Minecraft) Exception loading blockstate definition: 'delicate_dyes:blockstates/blurple_stained_glass_pane.json' missing model for variant: 'delicate_dyes:blurple_stained_glass_pane#east=true,north=true,south=false,waterlogged=true,west=true'
[22:53:35] [Worker-Main-4/WARN] (Minecraft) Exception loading blockstate definition: 'delicate_dyes:blockstates/blurple_stained_glass_pane.json' missing model for variant: 'delicate_dyes:blurple_stained_glass_pane#east=true,north=false,south=false,waterlogged=false,west=false'
[22:53:35] [Worker-Main-4/WARN] (Minecraft) Exception loading blockstate definition: 'delicate_dyes:blockstates/blurple_terracotta.json' missing model for variant: 'delicate_dyes:blurple_terracotta#'
[22:53:35] [Worker-Main-4/WARN] (Minecraft) Exception loading blockstate definition: 'delicate_dyes:blockstates/blurple_glazed_terracotta.json' missing model for variant: 'delicate_dyes:blurple_glazed_terracotta#facing=west'
[22:53:35] [Worker-Main-4/WARN] (Minecraft) Exception loading blockstate definition: 'delicate_dyes:blockstates/blurple_glazed_terracotta.json' missing model for variant: 'delicate_dyes:blurple_glazed_terracotta#facing=south'
[22:53:35] [Worker-Main-4/WARN] (Minecraft) Exception loading blockstate definition: 'delicate_dyes:blockstates/blurple_glazed_terracotta.json' missing model for variant: 'delicate_dyes:blurple_glazed_terracotta#facing=north'
[22:53:35] [Worker-Main-4/WARN] (Minecraft) Exception loading blockstate definition: 'delicate_dyes:blockstates/blurple_glazed_terracotta.json' missing model for variant: 'delicate_dyes:blurple_glazed_terracotta#facing=east'
[22:53:35] [Worker-Main-4/WARN] (Minecraft) Exception loading blockstate definition: 'delicate_dyes:blockstates/blurple_concrete.json' missing model for variant: 'delicate_dyes:blurple_concrete#'
[22:53:35] [Worker-Main-4/WARN] (Minecraft) Exception loading blockstate definition: 'delicate_dyes:blockstates/blurple_concrete_powder.json' missing model for variant: 'delicate_dyes:blurple_concrete_powder#'
[22:53:35] [Worker-Main-4/WARN] (Minecraft) Exception loading blockstate definition: 'delicate_dyes:blockstates/blurple_candle.json' missing model for variant: 'delicate_dyes:blurple_candle#candles=4,lit=false,waterlogged=true'
[22:53:35] [Worker-Main-4/WARN] (Minecraft) Exception loading blockstate definition: 'delicate_dyes:blockstates/blurple_candle.json' missing model for variant: 'delicate_dyes:blurple_candle#candles=2,lit=false,waterlogged=true'
[22:53:35] [Worker-Main-4/WARN] (Minecraft) Exception loading blockstate definition: 'delicate_dyes:blockstates/blurple_candle.json' missing model for variant: 'delicate_dyes:blurple_candle#candles=3,lit=true,waterlogged=true'
[22:53:35] [Worker-Main-4/WARN] (Minecraft) Exception loading blockstate definition: 'delicate_dyes:blockstates/blurple_candle.json' missing model for variant: 'delicate_dyes:blurple_candle#candles=1,lit=false,waterlogged=false'
[22:53:35] [Worker-Main-4/WARN] (Minecraft) Exception loading blockstate definition: 'delicate_dyes:blockstates/blurple_candle.json' missing model for variant: 'delicate_dyes:blurple_candle#candles=2,lit=true,waterlogged=true'
[22:53:35] [Worker-Main-4/WARN] (Minecraft) Exception loading blockstate definition: 'delicate_dyes:blockstates/blurple_candle.json' missing model for variant: 'delicate_dyes:blurple_candle#candles=3,lit=false,waterlogged=false'
[22:53:35] [Worker-Main-4/WARN] (Minecraft) Exception loading blockstate definition: 'delicate_dyes:blockstates/blurple_candle.json' missing model for variant: 'delicate_dyes:blurple_candle#candles=1,lit=true,waterlogged=false'
[22:53:35] [Worker-Main-4/WARN] (Minecraft) Exception loading blockstate definition: 'delicate_dyes:blockstates/blurple_candle.json' missing model for variant: 'delicate_dyes:blurple_candle#candles=3,lit=true,waterlogged=false'
[22:53:35] [Worker-Main-4/WARN] (Minecraft) Exception loading blockstate definition: 'delicate_dyes:blockstates/blurple_candle.json' missing model for variant: 'delicate_dyes:blurple_candle#candles=3,lit=false,waterlogged=true'
[22:53:35] [Worker-Main-4/WARN] (Minecraft) Exception loading blockstate definition: 'delicate_dyes:blockstates/blurple_candle.json' missing model for variant: 'delicate_dyes:blurple_candle#candles=4,lit=true,waterlogged=true'
[22:53:35] [Worker-Main-4/WARN] (Minecraft) Exception loading blockstate definition: 'delicate_dyes:blockstates/blurple_candle.json' missing model for variant: 'delicate_dyes:blurple_candle#candles=1,lit=false,waterlogged=true'
[22:53:35] [Worker-Main-4/WARN] (Minecraft) Exception loading blockstate definition: 'delicate_dyes:blockstates/blurple_candle.json' missing model for variant: 'delicate_dyes:blurple_candle#candles=2,lit=false,waterlogged=false'
[22:53:35] [Worker-Main-4/WARN] (Minecraft) Exception loading blockstate definition: 'delicate_dyes:blockstates/blurple_candle.json' missing model for variant: 'delicate_dyes:blurple_candle#candles=4,lit=false,waterlogged=false'
[22:53:35] [Worker-Main-4/WARN] (Minecraft) Exception loading blockstate definition: 'delicate_dyes:blockstates/blurple_candle.json' missing model for variant: 'delicate_dyes:blurple_candle#candles=1,lit=true,waterlogged=true'
[22:53:35] [Worker-Main-4/WARN] (Minecraft) Exception loading blockstate definition: 'delicate_dyes:blockstates/blurple_candle.json' missing model for variant: 'delicate_dyes:blurple_candle#candles=2,lit=true,waterlogged=false'
[22:53:35] [Worker-Main-4/WARN] (Minecraft) Exception loading blockstate definition: 'delicate_dyes:blockstates/blurple_candle.json' missing model for variant: 'delicate_dyes:blurple_candle#candles=4,lit=true,waterlogged=false'
[22:53:35] [Worker-Main-4/WARN] (Minecraft) Exception loading blockstate definition: 'delicate_dyes:blockstates/blurple_candle_cake.json' missing model for variant: 'delicate_dyes:blurple_candle_cake#lit=false'
[22:53:35] [Worker-Main-4/WARN] (Minecraft) Exception loading blockstate definition: 'delicate_dyes:blockstates/blurple_candle_cake.json' missing model for variant: 'delicate_dyes:blurple_candle_cake#lit=true'
[22:53:35] [Worker-Main-4/WARN] (Minecraft) Exception loading blockstate definition: 'delicate_dyes:blockstates/blurple_banner.json' missing model for variant: 'delicate_dyes:blurple_banner#rotation=10'
[22:53:35] [Worker-Main-4/WARN] (Minecraft) Exception loading blockstate definition: 'delicate_dyes:blockstates/blurple_banner.json' missing model for variant: 'delicate_dyes:blurple_banner#rotation=11'
[22:53:35] [Worker-Main-4/WARN] (Minecraft) Exception loading blockstate definition: 'delicate_dyes:blockstates/blurple_banner.json' missing model for variant: 'delicate_dyes:blurple_banner#rotation=12'
[22:53:35] [Worker-Main-4/WARN] (Minecraft) Exception loading blockstate definition: 'delicate_dyes:blockstates/blurple_banner.json' missing model for variant: 'delicate_dyes:blurple_banner#rotation=13'
[22:53:35] [Worker-Main-4/WARN] (Minecraft) Exception loading blockstate definition: 'delicate_dyes:blockstates/blurple_banner.json' missing model for variant: 'delicate_dyes:blurple_banner#rotation=14'
[22:53:35] [Worker-Main-4/WARN] (Minecraft) Exception loading blockstate definition: 'delicate_dyes:blockstates/blurple_banner.json' missing model for variant: 'delicate_dyes:blurple_banner#rotation=15'
[22:53:35] [Worker-Main-4/WARN] (Minecraft) Exception loading blockstate definition: 'delicate_dyes:blockstates/blurple_banner.json' missing model for variant: 'delicate_dyes:blurple_banner#rotation=4'
[22:53:35] [Worker-Main-4/WARN] (Minecraft) Exception loading blockstate definition: 'delicate_dyes:blockstates/blurple_banner.json' missing model for variant: 'delicate_dyes:blurple_banner#rotation=3'
[22:53:35] [Worker-Main-4/WARN] (Minecraft) Exception loading blockstate definition: 'delicate_dyes:blockstates/blurple_banner.json' missing model for variant: 'delicate_dyes:blurple_banner#rotation=6'
[22:53:35] [Worker-Main-4/WARN] (Minecraft) Exception loading blockstate definition: 'delicate_dyes:blockstates/blurple_banner.json' missing model for variant: 'delicate_dyes:blurple_banner#rotation=5'
[22:53:35] [Worker-Main-4/WARN] (Minecraft) Exception loading blockstate definition: 'delicate_dyes:blockstates/blurple_banner.json' missing model for variant: 'delicate_dyes:blurple_banner#rotation=8'
[22:53:35] [Worker-Main-4/WARN] (Minecraft) Exception loading blockstate definition: 'delicate_dyes:blockstates/blurple_banner.json' missing model for variant: 'delicate_dyes:blurple_banner#rotation=7'
[22:53:35] [Worker-Main-4/WARN] (Minecraft) Exception loading blockstate definition: 'delicate_dyes:blockstates/blurple_banner.json' missing model for variant: 'delicate_dyes:blurple_banner#rotation=9'
[22:53:35] [Worker-Main-4/WARN] (Minecraft) Exception loading blockstate definition: 'delicate_dyes:blockstates/blurple_banner.json' missing model for variant: 'delicate_dyes:blurple_banner#rotation=0'
[22:53:35] [Worker-Main-4/WARN] (Minecraft) Exception loading blockstate definition: 'delicate_dyes:blockstates/blurple_banner.json' missing model for variant: 'delicate_dyes:blurple_banner#rotation=2'
[22:53:35] [Worker-Main-4/WARN] (Minecraft) Exception loading blockstate definition: 'delicate_dyes:blockstates/blurple_banner.json' missing model for variant: 'delicate_dyes:blurple_banner#rotation=1'
[22:53:35] [Worker-Main-4/WARN] (Minecraft) Exception loading blockstate definition: 'delicate_dyes:blockstates/blurple_wall_banner.json' missing model for variant: 'delicate_dyes:blurple_wall_banner#facing=north'
[22:53:35] [Worker-Main-4/WARN] (Minecraft) Exception loading blockstate definition: 'delicate_dyes:blockstates/blurple_wall_banner.json' missing model for variant: 'delicate_dyes:blurple_wall_banner#facing=south'
[22:53:35] [Worker-Main-4/WARN] (Minecraft) Exception loading blockstate definition: 'delicate_dyes:blockstates/blurple_wall_banner.json' missing model for variant: 'delicate_dyes:blurple_wall_banner#facing=west'
[22:53:35] [Worker-Main-4/WARN] (Minecraft) Exception loading blockstate definition: 'delicate_dyes:blockstates/blurple_wall_banner.json' missing model for variant: 'delicate_dyes:blurple_wall_banner#facing=east'
[22:53:35] [Worker-Main-4/WARN] (Minecraft) Exception loading blockstate definition: 'delicate_dyes:blockstates/blurple_bed.json' missing model for variant: 'delicate_dyes:blurple_bed#facing=south,occupied=true,part=foot'
[22:53:35] [Worker-Main-4/WARN] (Minecraft) Exception loading blockstate definition: 'delicate_dyes:blockstates/blurple_bed.json' missing model for variant: 'delicate_dyes:blurple_bed#facing=south,occupied=false,part=foot'
[22:53:35] [Worker-Main-4/WARN] (Minecraft) Exception loading blockstate definition: 'delicate_dyes:blockstates/blurple_bed.json' missing model for variant: 'delicate_dyes:blurple_bed#facing=east,occupied=false,part=head'
[22:53:35] [Worker-Main-4/WARN] (Minecraft) Exception loading blockstate definition: 'delicate_dyes:blockstates/blurple_bed.json' missing model for variant: 'delicate_dyes:blurple_bed#facing=west,occupied=false,part=foot'
[22:53:35] [Worker-Main-4/WARN] (Minecraft) Exception loading blockstate definition: 'delicate_dyes:blockstates/blurple_bed.json' missing model for variant: 'delicate_dyes:blurple_bed#facing=east,occupied=true,part=foot'
[22:53:35] [Worker-Main-4/WARN] (Minecraft) Exception loading blockstate definition: 'delicate_dyes:blockstates/blurple_bed.json' missing model for variant: 'delicate_dyes:blurple_bed#facing=north,occupied=true,part=foot'
[22:53:35] [Worker-Main-4/WARN] (Minecraft) Exception loading blockstate definition: 'delicate_dyes:blockstates/blurple_bed.json' missing model for variant: 'delicate_dyes:blurple_bed#facing=east,occupied=true,part=head'
[22:53:35] [Worker-Main-4/WARN] (Minecraft) Exception loading blockstate definition: 'delicate_dyes:blockstates/blurple_bed.json' missing model for variant: 'delicate_dyes:blurple_bed#facing=north,occupied=false,part=head'
[22:53:35] [Worker-Main-4/WARN] (Minecraft) Exception loading blockstate definition: 'delicate_dyes:blockstates/blurple_bed.json' missing model for variant: 'delicate_dyes:blurple_bed#facing=west,occupied=true,part=head'
[22:53:35] [Worker-Main-4/WARN] (Minecraft) Exception loading blockstate definition: 'delicate_dyes:blockstates/blurple_bed.json' missing model for variant: 'delicate_dyes:blurple_bed#facing=south,occupied=true,part=head'
[22:53:35] [Worker-Main-4/WARN] (Minecraft) Exception loading blockstate definition: 'delicate_dyes:blockstates/blurple_bed.json' missing model for variant: 'delicate_dyes:blurple_bed#facing=west,occupied=false,part=head'
[22:53:35] [Worker-Main-4/WARN] (Minecraft) Exception loading blockstate definition: 'delicate_dyes:blockstates/blurple_bed.json' missing model for variant: 'delicate_dyes:blurple_bed#facing=north,occupied=true,part=head'
[22:53:35] [Worker-Main-4/WARN] (Minecraft) Exception loading blockstate definition: 'delicate_dyes:blockstates/blurple_bed.json' missing model for variant: 'delicate_dyes:blurple_bed#facing=south,occupied=false,part=head'
[22:53:35] [Worker-Main-4/WARN] (Minecraft) Exception loading blockstate definition: 'delicate_dyes:blockstates/blurple_bed.json' missing model for variant: 'delicate_dyes:blurple_bed#facing=east,occupied=false,part=foot'
[22:53:35] [Worker-Main-4/WARN] (Minecraft) Exception loading blockstate definition: 'delicate_dyes:blockstates/blurple_bed.json' missing model for variant: 'delicate_dyes:blurple_bed#facing=north,occupied=false,part=foot'
[22:53:35] [Worker-Main-4/WARN] (Minecraft) Exception loading blockstate definition: 'delicate_dyes:blockstates/blurple_bed.json' missing model for variant: 'delicate_dyes:blurple_bed#facing=west,occupied=true,part=foot'
[22:53:35] [Worker-Main-4/WARN] (Minecraft) Exception loading blockstate definition: 'delicate_dyes:blockstates/blurple_shulker_box.json' missing model for variant: 'delicate_dyes:blurple_shulker_box#facing=north'
[22:53:35] [Worker-Main-4/WARN] (Minecraft) Exception loading blockstate definition: 'delicate_dyes:blockstates/blurple_shulker_box.json' missing model for variant: 'delicate_dyes:blurple_shulker_box#facing=east'
[22:53:35] [Worker-Main-4/WARN] (Minecraft) Exception loading blockstate definition: 'delicate_dyes:blockstates/blurple_shulker_box.json' missing model for variant: 'delicate_dyes:blurple_shulker_box#facing=south'
[22:53:35] [Worker-Main-4/WARN] (Minecraft) Exception loading blockstate definition: 'delicate_dyes:blockstates/blurple_shulker_box.json' missing model for variant: 'delicate_dyes:blurple_shulker_box#facing=down'
[22:53:35] [Worker-Main-4/WARN] (Minecraft) Exception loading blockstate definition: 'delicate_dyes:blockstates/blurple_shulker_box.json' missing model for variant: 'delicate_dyes:blurple_shulker_box#facing=up'
[22:53:35] [Worker-Main-4/WARN] (Minecraft) Exception loading blockstate definition: 'delicate_dyes:blockstates/blurple_shulker_box.json' missing model for variant: 'delicate_dyes:blurple_shulker_box#facing=west'
[22:53:35] [Worker-Main-4/WARN] (Minecraft) Exception loading blockstate definition: 'delicate_dyes:blockstates/sangria_wool.json' missing model for variant: 'delicate_dyes:sangria_wool#'
[22:53:35] [Worker-Main-4/WARN] (Minecraft) Exception loading blockstate definition: 'delicate_dyes:blockstates/sangria_carpet.json' missing model for variant: 'delicate_dyes:sangria_carpet#'
[22:53:35] [Worker-Main-4/WARN] (Minecraft) Exception loading blockstate definition: 'delicate_dyes:blockstates/sangria_stained_glass.json' missing model for variant: 'delicate_dyes:sangria_stained_glass#'
[22:53:35] [Worker-Main-4/WARN] (Minecraft) Exception loading blockstate definition: 'delicate_dyes:blockstates/sangria_stained_glass_pane.json' missing model for variant: 'delicate_dyes:sangria_stained_glass_pane#east=true,north=false,south=false,waterlogged=true,west=false'
[22:53:35] [Worker-Main-4/WARN] (Minecraft) Exception loading blockstate definition: 'delicate_dyes:blockstates/sangria_stained_glass_pane.json' missing model for variant: 'delicate_dyes:sangria_stained_glass_pane#east=false,north=false,south=false,waterlogged=true,west=false'
[22:53:35] [Worker-Main-4/WARN] (Minecraft) Exception loading blockstate definition: 'delicate_dyes:blockstates/sangria_stained_glass_pane.json' missing model for variant: 'delicate_dyes:sangria_stained_glass_pane#east=true,north=false,south=false,waterlogged=false,west=false'
[22:53:35] [Worker-Main-4/WARN] (Minecraft) Exception loading blockstate definition: 'delicate_dyes:blockstates/sangria_stained_glass_pane.json' missing model for variant: 'delicate_dyes:sangria_stained_glass_pane#east=true,north=true,south=true,waterlogged=false,west=false'
[22:53:35] [Worker-Main-4/WARN] (Minecraft) Exception loading blockstate definition: 'delicate_dyes:blockstates/sangria_stained_glass_pane.json' missing model for variant: 'delicate_dyes:sangria_stained_glass_pane#east=true,north=false,south=true,waterlogged=false,west=true'
[22:53:35] [Worker-Main-4/WARN] (Minecraft) Exception loading blockstate definition: 'delicate_dyes:blockstates/sangria_stained_glass_pane.json' missing model for variant: 'delicate_dyes:sangria_stained_glass_pane#east=false,north=true,south=false,waterlogged=true,west=true'
[22:53:35] [Worker-Main-4/WARN] (Minecraft) Exception loading blockstate definition: 'delicate_dyes:blockstates/sangria_stained_glass_pane.json' missing model for variant: 'delicate_dyes:sangria_stained_glass_pane#east=false,north=true,south=false,waterlogged=true,west=false'
[22:53:35] [Worker-Main-4/WARN] (Minecraft) Exception loading blockstate definition: 'delicate_dyes:blockstates/sangria_stained_glass_pane.json' missing model for variant: 'delicate_dyes:sangria_stained_glass_pane#east=false,north=false,south=true,waterlogged=true,west=true'
[22:53:35] [Worker-Main-4/WARN] (Minecraft) Exception loading blockstate definition: 'delicate_dyes:blockstates/sangria_stained_glass_pane.json' missing model for variant: 'delicate_dyes:sangria_stained_glass_pane#east=true,north=true,south=true,waterlogged=true,west=true'
[22:53:35] [Worker-Main-4/WARN] (Minecraft) Exception loading blockstate definition: 'delicate_dyes:blockstates/sangria_stained_glass_pane.json' missing model for variant: 'delicate_dyes:sangria_stained_glass_pane#east=true,north=true,south=false,waterlogged=false,west=true'
[22:53:35] [Worker-Main-4/WARN] (Minecraft) Exception loading blockstate definition: 'delicate_dyes:blockstates/sangria_stained_glass_pane.json' missing model for variant: 'delicate_dyes:sangria_stained_glass_pane#east=false,north=true,south=true,waterlogged=true,west=false'
[22:53:35] [Worker-Main-4/WARN] (Minecraft) Exception loading blockstate definition: 'delicate_dyes:blockstates/sangria_stained_glass_pane.json' missing model for variant: 'delicate_dyes:sangria_stained_glass_pane#east=false,north=false,south=false,waterlogged=true,west=true'
[22:53:35] [Worker-Main-4/WARN] (Minecraft) Exception loading blockstate definition: 'delicate_dyes:blockstates/sangria_stained_glass_pane.json' missing model for variant: 'delicate_dyes:sangria_stained_glass_pane#east=true,north=true,south=false,waterlogged=false,west=false'
[22:53:35] [Worker-Main-4/WARN] (Minecraft) Exception loading blockstate definition: 'delicate_dyes:blockstates/sangria_stained_glass_pane.json' missing model for variant: 'delicate_dyes:sangria_stained_glass_pane#east=false,north=true,south=true,waterlogged=false,west=false'
[22:53:35] [Worker-Main-4/WARN] (Minecraft) Exception loading blockstate definition: 'delicate_dyes:blockstates/sangria_stained_glass_pane.json' missing model for variant: 'delicate_dyes:sangria_stained_glass_pane#east=false,north=true,south=true,waterlogged=true,west=true'
[22:53:35] [Worker-Main-4/WARN] (Minecraft) Exception loading blockstate definition: 'delicate_dyes:blockstates/sangria_stained_glass_pane.json' missing model for variant: 'delicate_dyes:sangria_stained_glass_pane#east=false,north=false,south=true,waterlogged=true,west=false'
[22:53:35] [Worker-Main-4/WARN] (Minecraft) Exception loading blockstate definition: 'delicate_dyes:blockstates/sangria_stained_glass_pane.json' missing model for variant: 'delicate_dyes:sangria_stained_glass_pane#east=true,north=true,south=false,waterlogged=true,west=true'
[22:53:35] [Worker-Main-4/WARN] (Minecraft) Exception loading blockstate definition: 'delicate_dyes:blockstates/sangria_stained_glass_pane.json' missing model for variant: 'delicate_dyes:sangria_stained_glass_pane#east=true,north=true,south=true,waterlogged=true,west=false'
[22:53:35] [Worker-Main-4/WARN] (Minecraft) Exception loading blockstate definition: 'delicate_dyes:blockstates/sangria_stained_glass_pane.json' missing model for variant: 'delicate_dyes:sangria_stained_glass_pane#east=true,north=false,south=true,waterlogged=false,west=false'
[22:53:35] [Worker-Main-4/WARN] (Minecraft) Exception loading blockstate definition: 'delicate_dyes:blockstates/sangria_stained_glass_pane.json' missing model for variant: 'delicate_dyes:sangria_stained_glass_pane#east=false,north=false,south=false,waterlogged=false,west=true'
[22:53:35] [Worker-Main-4/WARN] (Minecraft) Exception loading blockstate definition: 'delicate_dyes:blockstates/sangria_stained_glass_pane.json' missing model for variant: 'delicate_dyes:sangria_stained_glass_pane#east=true,north=false,south=true,waterlogged=true,west=false'
[22:53:35] [Worker-Main-4/WARN] (Minecraft) Exception loading blockstate definition: 'delicate_dyes:blockstates/sangria_stained_glass_pane.json' missing model for variant: 'delicate_dyes:sangria_stained_glass_pane#east=true,north=false,south=false,waterlogged=false,west=true'
[22:53:35] [Worker-Main-4/WARN] (Minecraft) Exception loading blockstate definition: 'delicate_dyes:blockstates/sangria_stained_glass_pane.json' missing model for variant: 'delicate_dyes:sangria_stained_glass_pane#east=false,north=true,south=false,waterlogged=false,west=true'
[22:53:35] [Worker-Main-4/WARN] (Minecraft) Exception loading blockstate definition: 'delicate_dyes:blockstates/sangria_stained_glass_pane.json' missing model for variant: 'delicate_dyes:sangria_stained_glass_pane#east=true,north=true,south=false,waterlogged=true,west=false'
[22:53:35] [Worker-Main-4/WARN] (Minecraft) Exception loading blockstate definition: 'delicate_dyes:blockstates/sangria_stained_glass_pane.json' missing model for variant: 'delicate_dyes:sangria_stained_glass_pane#east=false,north=false,south=false,waterlogged=false,west=false'
[22:53:35] [Worker-Main-4/WARN] (Minecraft) Exception loading blockstate definition: 'delicate_dyes:blockstates/sangria_stained_glass_pane.json' missing model for variant: 'delicate_dyes:sangria_stained_glass_pane#east=false,north=false,south=true,waterlogged=false,west=true'
[22:53:35] [Worker-Main-4/WARN] (Minecraft) Exception loading blockstate definition: 'delicate_dyes:blockstates/sangria_stained_glass_pane.json' missing model for variant: 'delicate_dyes:sangria_stained_glass_pane#east=false,north=false,south=true,waterlogged=false,west=false'
[22:53:35] [Worker-Main-4/WARN] (Minecraft) Exception loading blockstate definition: 'delicate_dyes:blockstates/sangria_stained_glass_pane.json' missing model for variant: 'delicate_dyes:sangria_stained_glass_pane#east=true,north=false,south=true,waterlogged=true,west=true'
[22:53:35] [Worker-Main-4/WARN] (Minecraft) Exception loading blockstate definition: 'delicate_dyes:blockstates/sangria_stained_glass_pane.json' missing model for variant: 'delicate_dyes:sangria_stained_glass_pane#east=false,north=true,south=true,waterlogged=false,west=true'
[22:53:35] [Worker-Main-4/WARN] (Minecraft) Exception loading blockstate definition: 'delicate_dyes:blockstates/sangria_stained_glass_pane.json' missing model for variant: 'delicate_dyes:sangria_stained_glass_pane#east=true,north=true,south=true,waterlogged=false,west=true'
[22:53:35] [Worker-Main-4/WARN] (Minecraft) Exception loading blockstate definition: 'delicate_dyes:blockstates/sangria_stained_glass_pane.json' missing model for variant: 'delicate_dyes:sangria_stained_glass_pane#east=false,north=true,south=false,waterlogged=false,west=false'
[22:53:35] [Worker-Main-4/WARN] (Minecraft) Exception loading blockstate definition: 'delicate_dyes:blockstates/sangria_stained_glass_pane.json' missing model for variant: 'delicate_dyes:sangria_stained_glass_pane#east=true,north=false,south=false,waterlogged=true,west=true'
[22:53:35] [Worker-Main-4/WARN] (Minecraft) Exception loading blockstate definition: 'delicate_dyes:blockstates/sangria_terracotta.json' missing model for variant: 'delicate_dyes:sangria_terracotta#'
[22:53:35] [Worker-Main-4/WARN] (Minecraft) Exception loading blockstate definition: 'delicate_dyes:blockstates/sangria_glazed_terracotta.json' missing model for variant: 'delicate_dyes:sangria_glazed_terracotta#facing=east'
[22:53:35] [Worker-Main-4/WARN] (Minecraft) Exception loading blockstate definition: 'delicate_dyes:blockstates/sangria_glazed_terracotta.json' missing model for variant: 'delicate_dyes:sangria_glazed_terracotta#facing=west'
[22:53:35] [Worker-Main-4/WARN] (Minecraft) Exception loading blockstate definition: 'delicate_dyes:blockstates/sangria_glazed_terracotta.json' missing model for variant: 'delicate_dyes:sangria_glazed_terracotta#facing=south'
[22:53:35] [Worker-Main-4/WARN] (Minecraft) Exception loading blockstate definition: 'delicate_dyes:blockstates/sangria_glazed_terracotta.json' missing model for variant: 'delicate_dyes:sangria_glazed_terracotta#facing=north'
[22:53:35] [Worker-Main-4/WARN] (Minecraft) Exception loading blockstate definition: 'delicate_dyes:blockstates/sangria_concrete.json' missing model for variant: 'delicate_dyes:sangria_concrete#'
[22:53:35] [Worker-Main-4/WARN] (Minecraft) Exception loading blockstate definition: 'delicate_dyes:blockstates/sangria_concrete_powder.json' missing model for variant: 'delicate_dyes:sangria_concrete_powder#'
[22:53:35] [Worker-Main-4/WARN] (Minecraft) Exception loading blockstate definition: 'delicate_dyes:blockstates/sangria_candle.json' missing model for variant: 'delicate_dyes:sangria_candle#candles=3,lit=false,waterlogged=false'
[22:53:35] [Worker-Main-4/WARN] (Minecraft) Exception loading blockstate definition: 'delicate_dyes:blockstates/sangria_candle.json' missing model for variant: 'delicate_dyes:sangria_candle#candles=1,lit=false,waterlogged=false'
[22:53:35] [Worker-Main-4/WARN] (Minecraft) Exception loading blockstate definition: 'delicate_dyes:blockstates/sangria_candle.json' missing model for variant: 'delicate_dyes:sangria_candle#candles=1,lit=true,waterlogged=true'
[22:53:35] [Worker-Main-4/WARN] (Minecraft) Exception loading blockstate definition: 'delicate_dyes:blockstates/sangria_candle.json' missing model for variant: 'delicate_dyes:sangria_candle#candles=3,lit=true,waterlogged=true'
[22:53:35] [Worker-Main-4/WARN] (Minecraft) Exception loading blockstate definition: 'delicate_dyes:blockstates/sangria_candle.json' missing model for variant: 'delicate_dyes:sangria_candle#candles=1,lit=false,waterlogged=true'
[22:53:35] [Worker-Main-4/WARN] (Minecraft) Exception loading blockstate definition: 'delicate_dyes:blockstates/sangria_candle.json' missing model for variant: 'delicate_dyes:sangria_candle#candles=3,lit=false,waterlogged=true'
[22:53:35] [Worker-Main-4/WARN] (Minecraft) Exception loading blockstate definition: 'delicate_dyes:blockstates/sangria_candle.json' missing model for variant: 'delicate_dyes:sangria_candle#candles=2,lit=true,waterlogged=false'
[22:53:35] [Worker-Main-4/WARN] (Minecraft) Exception loading blockstate definition: 'delicate_dyes:blockstates/sangria_candle.json' missing model for variant: 'delicate_dyes:sangria_candle#candles=4,lit=true,waterlogged=false'
[22:53:35] [Worker-Main-4/WARN] (Minecraft) Exception loading blockstate definition: 'delicate_dyes:blockstates/sangria_candle.json' missing model for variant: 'delicate_dyes:sangria_candle#candles=4,lit=false,waterlogged=false'
[22:53:35] [Worker-Main-4/WARN] (Minecraft) Exception loading blockstate definition: 'delicate_dyes:blockstates/sangria_candle.json' missing model for variant: 'delicate_dyes:sangria_candle#candles=4,lit=false,waterlogged=true'
[22:53:35] [Worker-Main-4/WARN] (Minecraft) Exception loading blockstate definition: 'delicate_dyes:blockstates/sangria_candle.json' missing model for variant: 'delicate_dyes:sangria_candle#candles=2,lit=false,waterlogged=false'
[22:53:35] [Worker-Main-4/WARN] (Minecraft) Exception loading blockstate definition: 'delicate_dyes:blockstates/sangria_candle.json' missing model for variant: 'delicate_dyes:sangria_candle#candles=2,lit=true,waterlogged=true'
[22:53:35] [Worker-Main-4/WARN] (Minecraft) Exception loading blockstate definition: 'delicate_dyes:blockstates/sangria_candle.json' missing model for variant: 'delicate_dyes:sangria_candle#candles=2,lit=false,waterlogged=true'
[22:53:35] [Worker-Main-4/WARN] (Minecraft) Exception loading blockstate definition: 'delicate_dyes:blockstates/sangria_candle.json' missing model for variant: 'delicate_dyes:sangria_candle#candles=4,lit=true,waterlogged=true'
[22:53:35] [Worker-Main-4/WARN] (Minecraft) Exception loading blockstate definition: 'delicate_dyes:blockstates/sangria_candle.json' missing model for variant: 'delicate_dyes:sangria_candle#candles=1,lit=true,waterlogged=false'
[22:53:35] [Worker-Main-4/WARN] (Minecraft) Exception loading blockstate definition: 'delicate_dyes:blockstates/sangria_candle.json' missing model for variant: 'delicate_dyes:sangria_candle#candles=3,lit=true,waterlogged=false'
[22:53:35] [Worker-Main-4/WARN] (Minecraft) Exception loading blockstate definition: 'delicate_dyes:blockstates/sangria_candle_cake.json' missing model for variant: 'delicate_dyes:sangria_candle_cake#lit=false'
[22:53:35] [Worker-Main-4/WARN] (Minecraft) Exception loading blockstate definition: 'delicate_dyes:blockstates/sangria_candle_cake.json' missing model for variant: 'delicate_dyes:sangria_candle_cake#lit=true'
[22:53:35] [Worker-Main-4/WARN] (Minecraft) Exception loading blockstate definition: 'delicate_dyes:blockstates/sangria_banner.json' missing model for variant: 'delicate_dyes:sangria_banner#rotation=15'
[22:53:35] [Worker-Main-4/WARN] (Minecraft) Exception loading blockstate definition: 'delicate_dyes:blockstates/sangria_banner.json' missing model for variant: 'delicate_dyes:sangria_banner#rotation=1'
[22:53:35] [Worker-Main-4/WARN] (Minecraft) Exception loading blockstate definition: 'delicate_dyes:blockstates/sangria_banner.json' missing model for variant: 'delicate_dyes:sangria_banner#rotation=0'
[22:53:35] [Worker-Main-4/WARN] (Minecraft) Exception loading blockstate definition: 'delicate_dyes:blockstates/sangria_banner.json' missing model for variant: 'delicate_dyes:sangria_banner#rotation=9'
[22:53:35] [Worker-Main-4/WARN] (Minecraft) Exception loading blockstate definition: 'delicate_dyes:blockstates/sangria_banner.json' missing model for variant: 'delicate_dyes:sangria_banner#rotation=8'
[22:53:35] [Worker-Main-4/WARN] (Minecraft) Exception loading blockstate definition: 'delicate_dyes:blockstates/sangria_banner.json' missing model for variant: 'delicate_dyes:sangria_banner#rotation=7'
[22:53:35] [Worker-Main-4/WARN] (Minecraft) Exception loading blockstate definition: 'delicate_dyes:blockstates/sangria_banner.json' missing model for variant: 'delicate_dyes:sangria_banner#rotation=6'
[22:53:35] [Worker-Main-4/WARN] (Minecraft) Exception loading blockstate definition: 'delicate_dyes:blockstates/sangria_banner.json' missing model for variant: 'delicate_dyes:sangria_banner#rotation=5'
[22:53:35] [Worker-Main-4/WARN] (Minecraft) Exception loading blockstate definition: 'delicate_dyes:blockstates/sangria_banner.json' missing model for variant: 'delicate_dyes:sangria_banner#rotation=4'
[22:53:35] [Worker-Main-4/WARN] (Minecraft) Exception loading blockstate definition: 'delicate_dyes:blockstates/sangria_banner.json' missing model for variant: 'delicate_dyes:sangria_banner#rotation=3'
[22:53:35] [Worker-Main-4/WARN] (Minecraft) Exception loading blockstate definition: 'delicate_dyes:blockstates/sangria_banner.json' missing model for variant: 'delicate_dyes:sangria_banner#rotation=2'
[22:53:35] [Worker-Main-4/WARN] (Minecraft) Exception loading blockstate definition: 'delicate_dyes:blockstates/sangria_banner.json' missing model for variant: 'delicate_dyes:sangria_banner#rotation=14'
[22:53:35] [Worker-Main-4/WARN] (Minecraft) Exception loading blockstate definition: 'delicate_dyes:blockstates/sangria_banner.json' missing model for variant: 'delicate_dyes:sangria_banner#rotation=13'
[22:53:35] [Worker-Main-4/WARN] (Minecraft) Exception loading blockstate definition: 'delicate_dyes:blockstates/sangria_banner.json' missing model for variant: 'delicate_dyes:sangria_banner#rotation=12'
[22:53:35] [Worker-Main-4/WARN] (Minecraft) Exception loading blockstate definition: 'delicate_dyes:blockstates/sangria_banner.json' missing model for variant: 'delicate_dyes:sangria_banner#rotation=11'
[22:53:35] [Worker-Main-4/WARN] (Minecraft) Exception loading blockstate definition: 'delicate_dyes:blockstates/sangria_banner.json' missing model for variant: 'delicate_dyes:sangria_banner#rotation=10'
[22:53:35] [Worker-Main-4/WARN] (Minecraft) Exception loading blockstate definition: 'delicate_dyes:blockstates/sangria_wall_banner.json' missing model for variant: 'delicate_dyes:sangria_wall_banner#facing=north'
[22:53:35] [Worker-Main-4/WARN] (Minecraft) Exception loading blockstate definition: 'delicate_dyes:blockstates/sangria_wall_banner.json' missing model for variant: 'delicate_dyes:sangria_wall_banner#facing=west'
[22:53:35] [Worker-Main-4/WARN] (Minecraft) Exception loading blockstate definition: 'delicate_dyes:blockstates/sangria_wall_banner.json' missing model for variant: 'delicate_dyes:sangria_wall_banner#facing=south'
[22:53:35] [Worker-Main-4/WARN] (Minecraft) Exception loading blockstate definition: 'delicate_dyes:blockstates/sangria_wall_banner.json' missing model for variant: 'delicate_dyes:sangria_wall_banner#facing=east'
[22:53:35] [Worker-Main-4/WARN] (Minecraft) Exception loading blockstate definition: 'delicate_dyes:blockstates/sangria_bed.json' missing model for variant: 'delicate_dyes:sangria_bed#facing=east,occupied=false,part=head'
[22:53:35] [Worker-Main-4/WARN] (Minecraft) Exception loading blockstate definition: 'delicate_dyes:blockstates/sangria_bed.json' missing model for variant: 'delicate_dyes:sangria_bed#facing=east,occupied=true,part=foot'
[22:53:35] [Worker-Main-4/WARN] (Minecraft) Exception loading blockstate definition: 'delicate_dyes:blockstates/sangria_bed.json' missing model for variant: 'delicate_dyes:sangria_bed#facing=west,occupied=false,part=foot'
[22:53:35] [Worker-Main-4/WARN] (Minecraft) Exception loading blockstate definition: 'delicate_dyes:blockstates/sangria_bed.json' missing model for variant: 'delicate_dyes:sangria_bed#facing=south,occupied=false,part=foot'
[22:53:35] [Worker-Main-4/WARN] (Minecraft) Exception loading blockstate definition: 'delicate_dyes:blockstates/sangria_bed.json' missing model for variant: 'delicate_dyes:sangria_bed#facing=south,occupied=true,part=foot'
[22:53:35] [Worker-Main-4/WARN] (Minecraft) Exception loading blockstate definition: 'delicate_dyes:blockstates/sangria_bed.json' missing model for variant: 'delicate_dyes:sangria_bed#facing=west,occupied=false,part=head'
[22:53:35] [Worker-Main-4/WARN] (Minecraft) Exception loading blockstate definition: 'delicate_dyes:blockstates/sangria_bed.json' missing model for variant: 'delicate_dyes:sangria_bed#facing=north,occupied=false,part=head'
[22:53:35] [Worker-Main-4/WARN] (Minecraft) Exception loading blockstate definition: 'delicate_dyes:blockstates/sangria_bed.json' missing model for variant: 'delicate_dyes:sangria_bed#facing=west,occupied=true,part=head'
[22:53:35] [Worker-Main-4/WARN] (Minecraft) Exception loading blockstate definition: 'delicate_dyes:blockstates/sangria_bed.json' missing model for variant: 'delicate_dyes:sangria_bed#facing=south,occupied=false,part=head'
[22:53:35] [Worker-Main-4/WARN] (Minecraft) Exception loading blockstate definition: 'delicate_dyes:blockstates/sangria_bed.json' missing model for variant: 'delicate_dyes:sangria_bed#facing=east,occupied=false,part=foot'
[22:53:35] [Worker-Main-4/WARN] (Minecraft) Exception loading blockstate definition: 'delicate_dyes:blockstates/sangria_bed.json' missing model for variant: 'delicate_dyes:sangria_bed#facing=south,occupied=true,part=head'
[22:53:35] [Worker-Main-4/WARN] (Minecraft) Exception loading blockstate definition: 'delicate_dyes:blockstates/sangria_bed.json' missing model for variant: 'delicate_dyes:sangria_bed#facing=east,occupied=true,part=head'
[22:53:35] [Worker-Main-4/WARN] (Minecraft) Exception loading blockstate definition: 'delicate_dyes:blockstates/sangria_bed.json' missing model for variant: 'delicate_dyes:sangria_bed#facing=north,occupied=true,part=foot'
[22:53:35] [Worker-Main-4/WARN] (Minecraft) Exception loading blockstate definition: 'delicate_dyes:blockstates/sangria_bed.json' missing model for variant: 'delicate_dyes:sangria_bed#facing=north,occupied=true,part=head'
[22:53:35] [Worker-Main-4/WARN] (Minecraft) Exception loading blockstate definition: 'delicate_dyes:blockstates/sangria_bed.json' missing model for variant: 'delicate_dyes:sangria_bed#facing=north,occupied=false,part=foot'
[22:53:35] [Worker-Main-4/WARN] (Minecraft) Exception loading blockstate definition: 'delicate_dyes:blockstates/sangria_bed.json' missing model for variant: 'delicate_dyes:sangria_bed#facing=west,occupied=true,part=foot'
[22:53:35] [Worker-Main-4/WARN] (Minecraft) Exception loading blockstate definition: 'delicate_dyes:blockstates/sangria_shulker_box.json' missing model for variant: 'delicate_dyes:sangria_shulker_box#facing=north'
[22:53:35] [Worker-Main-4/WARN] (Minecraft) Exception loading blockstate definition: 'delicate_dyes:blockstates/sangria_shulker_box.json' missing model for variant: 'delicate_dyes:sangria_shulker_box#facing=south'
[22:53:35] [Worker-Main-4/WARN] (Minecraft) Exception loading blockstate definition: 'delicate_dyes:blockstates/sangria_shulker_box.json' missing model for variant: 'delicate_dyes:sangria_shulker_box#facing=west'
[22:53:35] [Worker-Main-4/WARN] (Minecraft) Exception loading blockstate definition: 'delicate_dyes:blockstates/sangria_shulker_box.json' missing model for variant: 'delicate_dyes:sangria_shulker_box#facing=up'
[22:53:35] [Worker-Main-4/WARN] (Minecraft) Exception loading blockstate definition: 'delicate_dyes:blockstates/sangria_shulker_box.json' missing model for variant: 'delicate_dyes:sangria_shulker_box#facing=down'
[22:53:35] [Worker-Main-4/WARN] (Minecraft) Exception loading blockstate definition: 'delicate_dyes:blockstates/sangria_shulker_box.json' missing model for variant: 'delicate_dyes:sangria_shulker_box#facing=east'
[22:53:35] [Worker-Main-4/WARN] (Minecraft) Exception loading blockstate definition: 'delicate_dyes:blockstates/rose_wool.json' missing model for variant: 'delicate_dyes:rose_wool#'
[22:53:35] [Worker-Main-4/WARN] (Minecraft) Exception loading blockstate definition: 'delicate_dyes:blockstates/rose_carpet.json' missing model for variant: 'delicate_dyes:rose_carpet#'
[22:53:35] [Worker-Main-4/WARN] (Minecraft) Exception loading blockstate definition: 'delicate_dyes:blockstates/rose_stained_glass.json' missing model for variant: 'delicate_dyes:rose_stained_glass#'
[22:53:35] [Worker-Main-4/WARN] (Minecraft) Exception loading blockstate definition: 'delicate_dyes:blockstates/rose_stained_glass_pane.json' missing model for variant: 'delicate_dyes:rose_stained_glass_pane#east=false,north=true,south=true,waterlogged=false,west=true'
[22:53:35] [Worker-Main-4/WARN] (Minecraft) Exception loading blockstate definition: 'delicate_dyes:blockstates/rose_stained_glass_pane.json' missing model for variant: 'delicate_dyes:rose_stained_glass_pane#east=true,north=true,south=false,waterlogged=false,west=true'
[22:53:35] [Worker-Main-4/WARN] (Minecraft) Exception loading blockstate definition: 'delicate_dyes:blockstates/rose_stained_glass_pane.json' missing model for variant: 'delicate_dyes:rose_stained_glass_pane#east=false,north=false,south=true,waterlogged=false,west=false'
[22:53:35] [Worker-Main-4/WARN] (Minecraft) Exception loading blockstate definition: 'delicate_dyes:blockstates/rose_stained_glass_pane.json' missing model for variant: 'delicate_dyes:rose_stained_glass_pane#east=false,north=false,south=true,waterlogged=false,west=true'
[22:53:35] [Worker-Main-4/WARN] (Minecraft) Exception loading blockstate definition: 'delicate_dyes:blockstates/rose_stained_glass_pane.json' missing model for variant: 'delicate_dyes:rose_stained_glass_pane#east=false,north=false,south=false,waterlogged=false,west=false'
[22:53:35] [Worker-Main-4/WARN] (Minecraft) Exception loading blockstate definition: 'delicate_dyes:blockstates/rose_stained_glass_pane.json' missing model for variant: 'delicate_dyes:rose_stained_glass_pane#east=true,north=false,south=true,waterlogged=false,west=true'
[22:53:35] [Worker-Main-4/WARN] (Minecraft) Exception loading blockstate definition: 'delicate_dyes:blockstates/rose_stained_glass_pane.json' missing model for variant: 'delicate_dyes:rose_stained_glass_pane#east=true,north=true,south=false,waterlogged=true,west=true'
[22:53:35] [Worker-Main-4/WARN] (Minecraft) Exception loading blockstate definition: 'delicate_dyes:blockstates/rose_stained_glass_pane.json' missing model for variant: 'delicate_dyes:rose_stained_glass_pane#east=false,north=false,south=true,waterlogged=true,west=false'
[22:53:35] [Worker-Main-4/WARN] (Minecraft) Exception loading blockstate definition: 'delicate_dyes:blockstates/rose_stained_glass_pane.json' missing model for variant: 'delicate_dyes:rose_stained_glass_pane#east=true,north=false,south=false,waterlogged=true,west=false'
[22:53:35] [Worker-Main-4/WARN] (Minecraft) Exception loading blockstate definition: 'delicate_dyes:blockstates/rose_stained_glass_pane.json' missing model for variant: 'delicate_dyes:rose_stained_glass_pane#east=true,north=true,south=true,waterlogged=true,west=true'
[22:53:35] [Worker-Main-4/WARN] (Minecraft) Exception loading blockstate definition: 'delicate_dyes:blockstates/rose_stained_glass_pane.json' missing model for variant: 'delicate_dyes:rose_stained_glass_pane#east=true,north=true,south=false,waterlogged=false,west=false'
[22:53:35] [Worker-Main-4/WARN] (Minecraft) Exception loading blockstate definition: 'delicate_dyes:blockstates/rose_stained_glass_pane.json' missing model for variant: 'delicate_dyes:rose_stained_glass_pane#east=false,north=true,south=true,waterlogged=false,west=false'
[22:53:35] [Worker-Main-4/WARN] (Minecraft) Exception loading blockstate definition: 'delicate_dyes:blockstates/rose_stained_glass_pane.json' missing model for variant: 'delicate_dyes:rose_stained_glass_pane#east=false,north=true,south=true,waterlogged=true,west=true'
[22:53:35] [Worker-Main-4/WARN] (Minecraft) Exception loading blockstate definition: 'delicate_dyes:blockstates/rose_stained_glass_pane.json' missing model for variant: 'delicate_dyes:rose_stained_glass_pane#east=false,north=false,south=false,waterlogged=true,west=true'
[22:53:35] [Worker-Main-4/WARN] (Minecraft) Exception loading blockstate definition: 'delicate_dyes:blockstates/rose_stained_glass_pane.json' missing model for variant: 'delicate_dyes:rose_stained_glass_pane#east=false,north=false,south=false,waterlogged=false,west=true'
[22:53:35] [Worker-Main-4/WARN] (Minecraft) Exception loading blockstate definition: 'delicate_dyes:blockstates/rose_stained_glass_pane.json' missing model for variant: 'delicate_dyes:rose_stained_glass_pane#east=true,north=true,south=true,waterlogged=true,west=false'
[22:53:35] [Worker-Main-4/WARN] (Minecraft) Exception loading blockstate definition: 'delicate_dyes:blockstates/rose_stained_glass_pane.json' missing model for variant: 'delicate_dyes:rose_stained_glass_pane#east=true,north=false,south=true,waterlogged=false,west=false'
[22:53:35] [Worker-Main-4/WARN] (Minecraft) Exception loading blockstate definition: 'delicate_dyes:blockstates/rose_stained_glass_pane.json' missing model for variant: 'delicate_dyes:rose_stained_glass_pane#east=false,north=true,south=false,waterlogged=true,west=false'
[22:53:35] [Worker-Main-4/WARN] (Minecraft) Exception loading blockstate definition: 'delicate_dyes:blockstates/rose_stained_glass_pane.json' missing model for variant: 'delicate_dyes:rose_stained_glass_pane#east=false,north=true,south=true,waterlogged=true,west=false'
[22:53:35] [Worker-Main-4/WARN] (Minecraft) Exception loading blockstate definition: 'delicate_dyes:blockstates/rose_stained_glass_pane.json' missing model for variant: 'delicate_dyes:rose_stained_glass_pane#east=true,north=false,south=false,waterlogged=false,west=false'
[22:53:35] [Worker-Main-4/WARN] (Minecraft) Exception loading blockstate definition: 'delicate_dyes:blockstates/rose_stained_glass_pane.json' missing model for variant: 'delicate_dyes:rose_stained_glass_pane#east=true,north=true,south=false,waterlogged=true,west=false'
[22:53:35] [Worker-Main-4/WARN] (Minecraft) Exception loading blockstate definition: 'delicate_dyes:blockstates/rose_stained_glass_pane.json' missing model for variant: 'delicate_dyes:rose_stained_glass_pane#east=false,north=true,south=false,waterlogged=true,west=true'
[22:53:35] [Worker-Main-4/WARN] (Minecraft) Exception loading blockstate definition: 'delicate_dyes:blockstates/rose_stained_glass_pane.json' missing model for variant: 'delicate_dyes:rose_stained_glass_pane#east=false,north=false,south=true,waterlogged=true,west=true'
[22:53:35] [Worker-Main-4/WARN] (Minecraft) Exception loading blockstate definition: 'delicate_dyes:blockstates/rose_stained_glass_pane.json' missing model for variant: 'delicate_dyes:rose_stained_glass_pane#east=true,north=false,south=false,waterlogged=true,west=true'
[22:53:35] [Worker-Main-4/WARN] (Minecraft) Exception loading blockstate definition: 'delicate_dyes:blockstates/rose_stained_glass_pane.json' missing model for variant: 'delicate_dyes:rose_stained_glass_pane#east=true,north=true,south=true,waterlogged=false,west=true'
[22:53:35] [Worker-Main-4/WARN] (Minecraft) Exception loading blockstate definition: 'delicate_dyes:blockstates/rose_stained_glass_pane.json' missing model for variant: 'delicate_dyes:rose_stained_glass_pane#east=true,north=false,south=false,waterlogged=false,west=true'
[22:53:35] [Worker-Main-4/WARN] (Minecraft) Exception loading blockstate definition: 'delicate_dyes:blockstates/rose_stained_glass_pane.json' missing model for variant: 'delicate_dyes:rose_stained_glass_pane#east=true,north=true,south=true,waterlogged=false,west=false'
[22:53:35] [Worker-Main-4/WARN] (Minecraft) Exception loading blockstate definition: 'delicate_dyes:blockstates/rose_stained_glass_pane.json' missing model for variant: 'delicate_dyes:rose_stained_glass_pane#east=true,north=false,south=true,waterlogged=true,west=false'
[22:53:35] [Worker-Main-4/WARN] (Minecraft) Exception loading blockstate definition: 'delicate_dyes:blockstates/rose_stained_glass_pane.json' missing model for variant: 'delicate_dyes:rose_stained_glass_pane#east=true,north=false,south=true,waterlogged=true,west=true'
[22:53:35] [Worker-Main-4/WARN] (Minecraft) Exception loading blockstate definition: 'delicate_dyes:blockstates/rose_stained_glass_pane.json' missing model for variant: 'delicate_dyes:rose_stained_glass_pane#east=false,north=true,south=false,waterlogged=false,west=true'
[22:53:35] [Worker-Main-4/WARN] (Minecraft) Exception loading blockstate definition: 'delicate_dyes:blockstates/rose_stained_glass_pane.json' missing model for variant: 'delicate_dyes:rose_stained_glass_pane#east=false,north=false,south=false,waterlogged=true,west=false'
[22:53:35] [Worker-Main-4/WARN] (Minecraft) Exception loading blockstate definition: 'delicate_dyes:blockstates/rose_stained_glass_pane.json' missing model for variant: 'delicate_dyes:rose_stained_glass_pane#east=false,north=true,south=false,waterlogged=false,west=false'
[22:53:35] [Worker-Main-4/WARN] (Minecraft) Exception loading blockstate definition: 'delicate_dyes:blockstates/rose_terracotta.json' missing model for variant: 'delicate_dyes:rose_terracotta#'
[22:53:35] [Worker-Main-4/WARN] (Minecraft) Exception loading blockstate definition: 'delicate_dyes:blockstates/rose_glazed_terracotta.json' missing model for variant: 'delicate_dyes:rose_glazed_terracotta#facing=west'
[22:53:35] [Worker-Main-4/WARN] (Minecraft) Exception loading blockstate definition: 'delicate_dyes:blockstates/rose_glazed_terracotta.json' missing model for variant: 'delicate_dyes:rose_glazed_terracotta#facing=east'
[22:53:35] [Worker-Main-4/WARN] (Minecraft) Exception loading blockstate definition: 'delicate_dyes:blockstates/rose_glazed_terracotta.json' missing model for variant: 'delicate_dyes:rose_glazed_terracotta#facing=south'
[22:53:35] [Worker-Main-4/WARN] (Minecraft) Exception loading blockstate definition: 'delicate_dyes:blockstates/rose_glazed_terracotta.json' missing model for variant: 'delicate_dyes:rose_glazed_terracotta#facing=north'
[22:53:35] [Worker-Main-4/WARN] (Minecraft) Exception loading blockstate definition: 'delicate_dyes:blockstates/rose_concrete.json' missing model for variant: 'delicate_dyes:rose_concrete#'
[22:53:35] [Worker-Main-4/WARN] (Minecraft) Exception loading blockstate definition: 'delicate_dyes:blockstates/rose_concrete_powder.json' missing model for variant: 'delicate_dyes:rose_concrete_powder#'
[22:53:35] [Worker-Main-4/WARN] (Minecraft) Exception loading blockstate definition: 'delicate_dyes:blockstates/rose_candle.json' missing model for variant: 'delicate_dyes:rose_candle#candles=4,lit=false,waterlogged=false'
[22:53:35] [Worker-Main-4/WARN] (Minecraft) Exception loading blockstate definition: 'delicate_dyes:blockstates/rose_candle.json' missing model for variant: 'delicate_dyes:rose_candle#candles=4,lit=true,waterlogged=false'
[22:53:35] [Worker-Main-4/WARN] (Minecraft) Exception loading blockstate definition: 'delicate_dyes:blockstates/rose_candle.json' missing model for variant: 'delicate_dyes:rose_candle#candles=1,lit=true,waterlogged=false'
[22:53:35] [Worker-Main-4/WARN] (Minecraft) Exception loading blockstate definition: 'delicate_dyes:blockstates/rose_candle.json' missing model for variant: 'delicate_dyes:rose_candle#candles=2,lit=false,waterlogged=true'
[22:53:35] [Worker-Main-4/WARN] (Minecraft) Exception loading blockstate definition: 'delicate_dyes:blockstates/rose_candle.json' missing model for variant: 'delicate_dyes:rose_candle#candles=2,lit=true,waterlogged=true'
[22:53:35] [Worker-Main-4/WARN] (Minecraft) Exception loading blockstate definition: 'delicate_dyes:blockstates/rose_candle.json' missing model for variant: 'delicate_dyes:rose_candle#candles=2,lit=false,waterlogged=false'
[22:53:35] [Worker-Main-4/WARN] (Minecraft) Exception loading blockstate definition: 'delicate_dyes:blockstates/rose_candle.json' missing model for variant: 'delicate_dyes:rose_candle#candles=4,lit=false,waterlogged=true'
[22:53:35] [Worker-Main-4/WARN] (Minecraft) Exception loading blockstate definition: 'delicate_dyes:blockstates/rose_candle.json' missing model for variant: 'delicate_dyes:rose_candle#candles=4,lit=true,waterlogged=true'
[22:53:35] [Worker-Main-4/WARN] (Minecraft) Exception loading blockstate definition: 'delicate_dyes:blockstates/rose_candle.json' missing model for variant: 'delicate_dyes:rose_candle#candles=3,lit=false,waterlogged=false'
[22:53:35] [Worker-Main-4/WARN] (Minecraft) Exception loading blockstate definition: 'delicate_dyes:blockstates/rose_candle.json' missing model for variant: 'delicate_dyes:rose_candle#candles=3,lit=true,waterlogged=false'
[22:53:35] [Worker-Main-4/WARN] (Minecraft) Exception loading blockstate definition: 'delicate_dyes:blockstates/rose_candle.json' missing model for variant: 'delicate_dyes:rose_candle#candles=2,lit=true,waterlogged=false'
[22:53:35] [Worker-Main-4/WARN] (Minecraft) Exception loading blockstate definition: 'delicate_dyes:blockstates/rose_candle.json' missing model for variant: 'delicate_dyes:rose_candle#candles=1,lit=true,waterlogged=true'
[22:53:35] [Worker-Main-4/WARN] (Minecraft) Exception loading blockstate definition: 'delicate_dyes:blockstates/rose_candle.json' missing model for variant: 'delicate_dyes:rose_candle#candles=1,lit=false,waterlogged=true'
[22:53:35] [Worker-Main-4/WARN] (Minecraft) Exception loading blockstate definition: 'delicate_dyes:blockstates/rose_candle.json' missing model for variant: 'delicate_dyes:rose_candle#candles=3,lit=true,waterlogged=true'
[22:53:35] [Worker-Main-4/WARN] (Minecraft) Exception loading blockstate definition: 'delicate_dyes:blockstates/rose_candle.json' missing model for variant: 'delicate_dyes:rose_candle#candles=1,lit=false,waterlogged=false'
[22:53:35] [Worker-Main-4/WARN] (Minecraft) Exception loading blockstate definition: 'delicate_dyes:blockstates/rose_candle.json' missing model for variant: 'delicate_dyes:rose_candle#candles=3,lit=false,waterlogged=true'
[22:53:35] [Worker-Main-4/WARN] (Minecraft) Exception loading blockstate definition: 'delicate_dyes:blockstates/rose_candle_cake.json' missing model for variant: 'delicate_dyes:rose_candle_cake#lit=false'
[22:53:35] [Worker-Main-4/WARN] (Minecraft) Exception loading blockstate definition: 'delicate_dyes:blockstates/rose_candle_cake.json' missing model for variant: 'delicate_dyes:rose_candle_cake#lit=true'
[22:53:35] [Worker-Main-4/WARN] (Minecraft) Exception loading blockstate definition: 'delicate_dyes:blockstates/rose_banner.json' missing model for variant: 'delicate_dyes:rose_banner#rotation=10'
[22:53:35] [Worker-Main-4/WARN] (Minecraft) Exception loading blockstate definition: 'delicate_dyes:blockstates/rose_banner.json' missing model for variant: 'delicate_dyes:rose_banner#rotation=6'
[22:53:35] [Worker-Main-4/WARN] (Minecraft) Exception loading blockstate definition: 'delicate_dyes:blockstates/rose_banner.json' missing model for variant: 'delicate_dyes:rose_banner#rotation=7'
[22:53:35] [Worker-Main-4/WARN] (Minecraft) Exception loading blockstate definition: 'delicate_dyes:blockstates/rose_banner.json' missing model for variant: 'delicate_dyes:rose_banner#rotation=8'
[22:53:35] [Worker-Main-4/WARN] (Minecraft) Exception loading blockstate definition: 'delicate_dyes:blockstates/rose_banner.json' missing model for variant: 'delicate_dyes:rose_banner#rotation=9'
[22:53:35] [Worker-Main-4/WARN] (Minecraft) Exception loading blockstate definition: 'delicate_dyes:blockstates/rose_banner.json' missing model for variant: 'delicate_dyes:rose_banner#rotation=15'
[22:53:35] [Worker-Main-4/WARN] (Minecraft) Exception loading blockstate definition: 'delicate_dyes:blockstates/rose_banner.json' missing model for variant: 'delicate_dyes:rose_banner#rotation=11'
[22:53:35] [Worker-Main-4/WARN] (Minecraft) Exception loading blockstate definition: 'delicate_dyes:blockstates/rose_banner.json' missing model for variant: 'delicate_dyes:rose_banner#rotation=12'
[22:53:35] [Worker-Main-4/WARN] (Minecraft) Exception loading blockstate definition: 'delicate_dyes:blockstates/rose_banner.json' missing model for variant: 'delicate_dyes:rose_banner#rotation=13'
[22:53:35] [Worker-Main-4/WARN] (Minecraft) Exception loading blockstate definition: 'delicate_dyes:blockstates/rose_banner.json' missing model for variant: 'delicate_dyes:rose_banner#rotation=14'
[22:53:35] [Worker-Main-4/WARN] (Minecraft) Exception loading blockstate definition: 'delicate_dyes:blockstates/rose_banner.json' missing model for variant: 'delicate_dyes:rose_banner#rotation=2'
[22:53:35] [Worker-Main-4/WARN] (Minecraft) Exception loading blockstate definition: 'delicate_dyes:blockstates/rose_banner.json' missing model for variant: 'delicate_dyes:rose_banner#rotation=3'
[22:53:35] [Worker-Main-4/WARN] (Minecraft) Exception loading blockstate definition: 'delicate_dyes:blockstates/rose_banner.json' missing model for variant: 'delicate_dyes:rose_banner#rotation=4'
[22:53:35] [Worker-Main-4/WARN] (Minecraft) Exception loading blockstate definition: 'delicate_dyes:blockstates/rose_banner.json' missing model for variant: 'delicate_dyes:rose_banner#rotation=5'
[22:53:35] [Worker-Main-4/WARN] (Minecraft) Exception loading blockstate definition: 'delicate_dyes:blockstates/rose_banner.json' missing model for variant: 'delicate_dyes:rose_banner#rotation=0'
[22:53:35] [Worker-Main-4/WARN] (Minecraft) Exception loading blockstate definition: 'delicate_dyes:blockstates/rose_banner.json' missing model for variant: 'delicate_dyes:rose_banner#rotation=1'
[22:53:35] [Worker-Main-4/WARN] (Minecraft) Exception loading blockstate definition: 'delicate_dyes:blockstates/rose_wall_banner.json' missing model for variant: 'delicate_dyes:rose_wall_banner#facing=west'
[22:53:35] [Worker-Main-4/WARN] (Minecraft) Exception loading blockstate definition: 'delicate_dyes:blockstates/rose_wall_banner.json' missing model for variant: 'delicate_dyes:rose_wall_banner#facing=north'
[22:53:35] [Worker-Main-4/WARN] (Minecraft) Exception loading blockstate definition: 'delicate_dyes:blockstates/rose_wall_banner.json' missing model for variant: 'delicate_dyes:rose_wall_banner#facing=south'
[22:53:35] [Worker-Main-4/WARN] (Minecraft) Exception loading blockstate definition: 'delicate_dyes:blockstates/rose_wall_banner.json' missing model for variant: 'delicate_dyes:rose_wall_banner#facing=east'
[22:53:35] [Worker-Main-4/WARN] (Minecraft) Exception loading blockstate definition: 'delicate_dyes:blockstates/rose_bed.json' missing model for variant: 'delicate_dyes:rose_bed#facing=north,occupied=true,part=head'
[22:53:35] [Worker-Main-4/WARN] (Minecraft) Exception loading blockstate definition: 'delicate_dyes:blockstates/rose_bed.json' missing model for variant: 'delicate_dyes:rose_bed#facing=east,occupied=true,part=foot'
[22:53:35] [Worker-Main-4/WARN] (Minecraft) Exception loading blockstate definition: 'delicate_dyes:blockstates/rose_bed.json' missing model for variant: 'delicate_dyes:rose_bed#facing=south,occupied=false,part=head'
[22:53:35] [Worker-Main-4/WARN] (Minecraft) Exception loading blockstate definition: 'delicate_dyes:blockstates/rose_bed.json' missing model for variant: 'delicate_dyes:rose_bed#facing=west,occupied=true,part=foot'
[22:53:35] [Worker-Main-4/WARN] (Minecraft) Exception loading blockstate definition: 'delicate_dyes:blockstates/rose_bed.json' missing model for variant: 'delicate_dyes:rose_bed#facing=south,occupied=true,part=head'
[22:53:35] [Worker-Main-4/WARN] (Minecraft) Exception loading blockstate definition: 'delicate_dyes:blockstates/rose_bed.json' missing model for variant: 'delicate_dyes:rose_bed#facing=east,occupied=false,part=head'
[22:53:35] [Worker-Main-4/WARN] (Minecraft) Exception loading blockstate definition: 'delicate_dyes:blockstates/rose_bed.json' missing model for variant: 'delicate_dyes:rose_bed#facing=north,occupied=false,part=foot'
[22:53:35] [Worker-Main-4/WARN] (Minecraft) Exception loading blockstate definition: 'delicate_dyes:blockstates/rose_bed.json' missing model for variant: 'delicate_dyes:rose_bed#facing=west,occupied=false,part=foot'
[22:53:35] [Worker-Main-4/WARN] (Minecraft) Exception loading blockstate definition: 'delicate_dyes:blockstates/rose_bed.json' missing model for variant: 'delicate_dyes:rose_bed#facing=south,occupied=false,part=foot'
[22:53:35] [Worker-Main-4/WARN] (Minecraft) Exception loading blockstate definition: 'delicate_dyes:blockstates/rose_bed.json' missing model for variant: 'delicate_dyes:rose_bed#facing=east,occupied=true,part=head'
[22:53:35] [Worker-Main-4/WARN] (Minecraft) Exception loading blockstate definition: 'delicate_dyes:blockstates/rose_bed.json' missing model for variant: 'delicate_dyes:rose_bed#facing=north,occupied=true,part=foot'
[22:53:35] [Worker-Main-4/WARN] (Minecraft) Exception loading blockstate definition: 'delicate_dyes:blockstates/rose_bed.json' missing model for variant: 'delicate_dyes:rose_bed#facing=east,occupied=false,part=foot'
[22:53:35] [Worker-Main-4/WARN] (Minecraft) Exception loading blockstate definition: 'delicate_dyes:blockstates/rose_bed.json' missing model for variant: 'delicate_dyes:rose_bed#facing=west,occupied=true,part=head'
[22:53:35] [Worker-Main-4/WARN] (Minecraft) Exception loading blockstate definition: 'delicate_dyes:blockstates/rose_bed.json' missing model for variant: 'delicate_dyes:rose_bed#facing=west,occupied=false,part=head'
[22:53:35] [Worker-Main-4/WARN] (Minecraft) Exception loading blockstate definition: 'delicate_dyes:blockstates/rose_bed.json' missing model for variant: 'delicate_dyes:rose_bed#facing=south,occupied=true,part=foot'
[22:53:35] [Worker-Main-4/WARN] (Minecraft) Exception loading blockstate definition: 'delicate_dyes:blockstates/rose_bed.json' missing model for variant: 'delicate_dyes:rose_bed#facing=north,occupied=false,part=head'
[22:53:35] [Worker-Main-4/WARN] (Minecraft) Exception loading blockstate definition: 'delicate_dyes:blockstates/rose_shulker_box.json' missing model for variant: 'delicate_dyes:rose_shulker_box#facing=west'
[22:53:35] [Worker-Main-4/WARN] (Minecraft) Exception loading blockstate definition: 'delicate_dyes:blockstates/rose_shulker_box.json' missing model for variant: 'delicate_dyes:rose_shulker_box#facing=up'
[22:53:35] [Worker-Main-4/WARN] (Minecraft) Exception loading blockstate definition: 'delicate_dyes:blockstates/rose_shulker_box.json' missing model for variant: 'delicate_dyes:rose_shulker_box#facing=down'
[22:53:35] [Worker-Main-4/WARN] (Minecraft) Exception loading blockstate definition: 'delicate_dyes:blockstates/rose_shulker_box.json' missing model for variant: 'delicate_dyes:rose_shulker_box#facing=north'
[22:53:35] [Worker-Main-4/WARN] (Minecraft) Exception loading blockstate definition: 'delicate_dyes:blockstates/rose_shulker_box.json' missing model for variant: 'delicate_dyes:rose_shulker_box#facing=south'
[22:53:35] [Worker-Main-4/WARN] (Minecraft) Exception loading blockstate definition: 'delicate_dyes:blockstates/rose_shulker_box.json' missing model for variant: 'delicate_dyes:rose_shulker_box#facing=east'
[22:53:35] [Worker-Main-4/WARN] (Minecraft) Exception loading blockstate definition: 'delicate_dyes:blockstates/peach_bellflower.json' missing model for variant: 'delicate_dyes:peach_bellflower#'
[22:53:35] [Worker-Main-4/WARN] (Minecraft) Exception loading blockstate definition: 'delicate_dyes:blockstates/potted_peach_bellflower.json' missing model for variant: 'delicate_dyes:potted_peach_bellflower#'
[22:53:35] [Worker-Main-4/WARN] (Minecraft) Exception loading blockstate definition: 'delicate_dyes:blockstates/goob_blossom.json' missing model for variant: 'delicate_dyes:goob_blossom#half=lower'
[22:53:35] [Worker-Main-4/WARN] (Minecraft) Exception loading blockstate definition: 'delicate_dyes:blockstates/goob_blossom.json' missing model for variant: 'delicate_dyes:goob_blossom#half=upper'
[22:53:35] [Worker-Main-4/WARN] (Minecraft) Exception loading blockstate definition: 'delicate_dyes:blockstates/blueberry_bush.json' missing model for variant: 'delicate_dyes:blueberry_bush#age=3'
[22:53:35] [Worker-Main-4/WARN] (Minecraft) Exception loading blockstate definition: 'delicate_dyes:blockstates/blueberry_bush.json' missing model for variant: 'delicate_dyes:blueberry_bush#age=2'
[22:53:35] [Worker-Main-4/WARN] (Minecraft) Exception loading blockstate definition: 'delicate_dyes:blockstates/blueberry_bush.json' missing model for variant: 'delicate_dyes:blueberry_bush#age=1'
[22:53:35] [Worker-Main-4/WARN] (Minecraft) Exception loading blockstate definition: 'delicate_dyes:blockstates/blueberry_bush.json' missing model for variant: 'delicate_dyes:blueberry_bush#age=0'
[22:53:35] [Worker-Main-4/WARN] (Minecraft) Exception loading blockstate definition: 'delicate_dyes:blockstates/rose.json' missing model for variant: 'delicate_dyes:rose#'
[22:53:35] [Worker-Main-4/WARN] (Minecraft) Exception loading blockstate definition: 'delicate_dyes:blockstates/potted_rose.json' missing model for variant: 'delicate_dyes:potted_rose#'
[22:53:35] [Worker-Main-4/WARN] (Minecraft) Unable to load model: 'delicate_dyes:item/coral_glazed_terracotta' referenced from: delicate_dyes:item/coral_glazed_terracotta: java.io.FileNotFoundException: delicate_dyes:models/item/coral_glazed_terracotta.json
[22:53:35] [Worker-Main-4/WARN] (Minecraft) Unable to load model: 'delicate_dyes:item/canary_dye' referenced from: delicate_dyes:item/canary_dye: java.io.FileNotFoundException: delicate_dyes:models/item/canary_dye.json
[22:53:35] [Worker-Main-4/WARN] (Minecraft) Unable to load model: 'delicate_dyes:item/wasabi_concrete_powder' referenced from: delicate_dyes:item/wasabi_concrete_powder: java.io.FileNotFoundException: delicate_dyes:models/item/wasabi_concrete_powder.json
[22:53:35] [Worker-Main-4/WARN] (Minecraft) Unable to load model: 'delicate_dyes:item/blurple_wool' referenced from: delicate_dyes:item/blurple_wool: java.io.FileNotFoundException: delicate_dyes:models/item/blurple_wool.json
[22:53:35] [Worker-Main-4/WARN] (Minecraft) Unable to load model: 'delicate_dyes:item/blurple_terracotta' referenced from: delicate_dyes:item/blurple_terracotta: java.io.FileNotFoundException: delicate_dyes:models/item/blurple_terracotta.json
[22:53:35] [Worker-Main-4/WARN] (Minecraft) Unable to load model: 'delicate_dyes:item/test' referenced from: delicate_dyes:item/test: java.io.FileNotFoundException: delicate_dyes:models/item/test.json
[22:53:35] [Worker-Main-4/WARN] (Minecraft) Unable to load model: 'delicate_dyes:item/coral_terracotta' referenced from: delicate_dyes:item/coral_terracotta: java.io.FileNotFoundException: delicate_dyes:models/item/coral_terracotta.json
[22:53:35] [Worker-Main-4/WARN] (Minecraft) Unable to load model: 'delicate_dyes:item/coral_bed' referenced from: delicate_dyes:item/coral_bed: java.io.FileNotFoundException: delicate_dyes:models/item/coral_bed.json
[22:53:35] [Worker-Main-4/WARN] (Minecraft) Unable to load model: 'delicate_dyes:item/sky_stained_glass' referenced from: delicate_dyes:item/sky_stained_glass: java.io.FileNotFoundException: delicate_dyes:models/item/sky_stained_glass.json
[22:53:35] [Worker-Main-4/WARN] (Minecraft) Unable to load model: 'delicate_dyes:item/rose_terracotta' referenced from: delicate_dyes:item/rose_terracotta: java.io.FileNotFoundException: delicate_dyes:models/item/rose_terracotta.json
[22:53:35] [Worker-Main-4/WARN] (Minecraft) Unable to load model: 'delicate_dyes:item/sacramento_bed' referenced from: delicate_dyes:item/sacramento_bed: java.io.FileNotFoundException: delicate_dyes:models/item/sacramento_bed.json
[22:53:35] [Worker-Main-4/WARN] (Minecraft) Unable to load model: 'delicate_dyes:item/sky_candle' referenced from: delicate_dyes:item/sky_candle: java.io.FileNotFoundException: delicate_dyes:models/item/sky_candle.json
[22:53:35] [Worker-Main-4/WARN] (Minecraft) Unable to load model: 'delicate_dyes:item/coral_concrete_powder' referenced from: delicate_dyes:item/coral_concrete_powder: java.io.FileNotFoundException: delicate_dyes:models/item/coral_concrete_powder.json
[22:53:35] [Worker-Main-4/WARN] (Minecraft) Unable to load model: 'delicate_dyes:item/coral_wool' referenced from: delicate_dyes:item/coral_wool: java.io.FileNotFoundException: delicate_dyes:models/item/coral_wool.json
[22:53:35] [Worker-Main-4/WARN] (Minecraft) Unable to load model: 'delicate_dyes:item/blurple_shulker_box' referenced from: delicate_dyes:item/blurple_shulker_box: java.io.FileNotFoundException: delicate_dyes:models/item/blurple_shulker_box.json
[22:53:35] [Worker-Main-4/WARN] (Minecraft) Unable to load model: 'delicate_dyes:item/sky_wool' referenced from: delicate_dyes:item/sky_wool: java.io.FileNotFoundException: delicate_dyes:models/item/sky_wool.json
[22:53:35] [Worker-Main-4/WARN] (Minecraft) Unable to load model: 'delicate_dyes:item/canary_stained_glass' referenced from: delicate_dyes:item/canary_stained_glass: java.io.FileNotFoundException: delicate_dyes:models/item/canary_stained_glass.json
[22:53:35] [Worker-Main-4/WARN] (Minecraft) Unable to load model: 'delicate_dyes:item/blueberries' referenced from: delicate_dyes:item/blueberries: java.io.FileNotFoundException: delicate_dyes:models/item/blueberries.json
[22:53:35] [Worker-Main-4/WARN] (Minecraft) Unable to load model: 'delicate_dyes:item/sky_stained_glass_pane' referenced from: delicate_dyes:item/sky_stained_glass_pane: java.io.FileNotFoundException: delicate_dyes:models/item/sky_stained_glass_pane.json
[22:53:35] [Worker-Main-4/WARN] (Minecraft) Unable to load model: 'delicate_dyes:item/sacramento_shulker_box' referenced from: delicate_dyes:item/sacramento_shulker_box: java.io.FileNotFoundException: delicate_dyes:models/item/sacramento_shulker_box.json
[22:53:35] [Worker-Main-4/WARN] (Minecraft) Unable to load model: 'delicate_dyes:item/canary_wool' referenced from: delicate_dyes:item/canary_wool: java.io.FileNotFoundException: delicate_dyes:models/item/canary_wool.json
[22:53:35] [Worker-Main-4/WARN] (Minecraft) Unable to load model: 'delicate_dyes:item/rose_carpet' referenced from: delicate_dyes:item/rose_carpet: java.io.FileNotFoundException: delicate_dyes:models/item/rose_carpet.json
[22:53:35] [Worker-Main-4/WARN] (Minecraft) Unable to load model: 'delicate_dyes:item/canary_candle' referenced from: delicate_dyes:item/canary_candle: java.io.FileNotFoundException: delicate_dyes:models/item/canary_candle.json
[22:53:35] [Worker-Main-4/WARN] (Minecraft) Unable to load model: 'delicate_dyes:item/rose_banner' referenced from: delicate_dyes:item/rose_banner: java.io.FileNotFoundException: delicate_dyes:models/item/rose_banner.json
[22:53:35] [Worker-Main-4/WARN] (Minecraft) Unable to load model: 'delicate_dyes:item/wasabi_stained_glass' referenced from: delicate_dyes:item/wasabi_stained_glass: java.io.FileNotFoundException: delicate_dyes:models/item/wasabi_stained_glass.json
[22:53:35] [Worker-Main-4/WARN] (Minecraft) Unable to load model: 'delicate_dyes:item/sangria_glazed_terracotta' referenced from: delicate_dyes:item/sangria_glazed_terracotta: java.io.FileNotFoundException: delicate_dyes:models/item/sangria_glazed_terracotta.json
[22:53:35] [Worker-Main-4/WARN] (Minecraft) Unable to load model: 'delicate_dyes:item/coral_stained_glass' referenced from: delicate_dyes:item/coral_stained_glass: java.io.FileNotFoundException: delicate_dyes:models/item/coral_stained_glass.json
[22:53:35] [Worker-Main-4/WARN] (Minecraft) Unable to load model: 'delicate_dyes:item/sky_glazed_terracotta' referenced from: delicate_dyes:item/sky_glazed_terracotta: java.io.FileNotFoundException: delicate_dyes:models/item/sky_glazed_terracotta.json
[22:53:35] [Worker-Main-4/WARN] (Minecraft) Unable to load model: 'delicate_dyes:item/wasabi_banner' referenced from: delicate_dyes:item/wasabi_banner: java.io.FileNotFoundException: delicate_dyes:models/item/wasabi_banner.json
[22:53:35] [Worker-Main-4/WARN] (Minecraft) Unable to load model: 'delicate_dyes:item/canary_bed' referenced from: delicate_dyes:item/canary_bed: java.io.FileNotFoundException: delicate_dyes:models/item/canary_bed.json
[22:53:35] [Worker-Main-4/WARN] (Minecraft) Unable to load model: 'delicate_dyes:item/wasabi_terracotta' referenced from: delicate_dyes:item/wasabi_terracotta: java.io.FileNotFoundException: delicate_dyes:models/item/wasabi_terracotta.json
[22:53:35] [Worker-Main-4/WARN] (Minecraft) Unable to load model: 'delicate_dyes:item/sangria_concrete_powder' referenced from: delicate_dyes:item/sangria_concrete_powder: java.io.FileNotFoundException: delicate_dyes:models/item/sangria_concrete_powder.json
[22:53:35] [Worker-Main-4/WARN] (Minecraft) Unable to load model: 'delicate_dyes:item/sangria_concrete' referenced from: delicate_dyes:item/sangria_concrete: java.io.FileNotFoundException: delicate_dyes:models/item/sangria_concrete.json
[22:53:35] [Worker-Main-4/WARN] (Minecraft) Unable to load model: 'delicate_dyes:item/blurple_concrete_powder' referenced from: delicate_dyes:item/blurple_concrete_powder: java.io.FileNotFoundException: delicate_dyes:models/item/blurple_concrete_powder.json
[22:53:35] [Worker-Main-4/WARN] (Minecraft) Unable to load model: 'delicate_dyes:item/blurple_carpet' referenced from: delicate_dyes:item/blurple_carpet: java.io.FileNotFoundException: delicate_dyes:models/item/blurple_carpet.json
[22:53:35] [Worker-Main-4/WARN] (Minecraft) Unable to load model: 'delicate_dyes:item/coral_stained_glass_pane' referenced from: delicate_dyes:item/coral_stained_glass_pane: java.io.FileNotFoundException: delicate_dyes:models/item/coral_stained_glass_pane.json
[22:53:35] [Worker-Main-4/WARN] (Minecraft) Unable to load model: 'delicate_dyes:item/wasabi_glazed_terracotta' referenced from: delicate_dyes:item/wasabi_glazed_terracotta: java.io.FileNotFoundException: delicate_dyes:models/item/wasabi_glazed_terracotta.json
[22:53:35] [Worker-Main-4/WARN] (Minecraft) Unable to load model: 'delicate_dyes:item/sky_carpet' referenced from: delicate_dyes:item/sky_carpet: java.io.FileNotFoundException: delicate_dyes:models/item/sky_carpet.json
[22:53:35] [Worker-Main-4/WARN] (Minecraft) Unable to load model: 'delicate_dyes:item/sacramento_glazed_terracotta' referenced from: delicate_dyes:item/sacramento_glazed_terracotta: java.io.FileNotFoundException: delicate_dyes:models/item/sacramento_glazed_terracotta.json
[22:53:35] [Worker-Main-4/WARN] (Minecraft) Unable to load model: 'delicate_dyes:item/coral_banner' referenced from: delicate_dyes:item/coral_banner: java.io.FileNotFoundException: delicate_dyes:models/item/coral_banner.json
[22:53:35] [Worker-Main-4/WARN] (Minecraft) Unable to load model: 'delicate_dyes:item/sacramento_dye' referenced from: delicate_dyes:item/sacramento_dye: java.io.FileNotFoundException: delicate_dyes:models/item/sacramento_dye.json
[22:53:35] [Worker-Main-4/WARN] (Minecraft) Unable to load model: 'delicate_dyes:item/blurple_dye' referenced from: delicate_dyes:item/blurple_dye: java.io.FileNotFoundException: delicate_dyes:models/item/blurple_dye.json
[22:53:35] [Worker-Main-4/WARN] (Minecraft) Unable to load model: 'delicate_dyes:item/canary_glazed_terracotta' referenced from: delicate_dyes:item/canary_glazed_terracotta: java.io.FileNotFoundException: delicate_dyes:models/item/canary_glazed_terracotta.json
[22:53:35] [Worker-Main-4/WARN] (Minecraft) Unable to load model: 'delicate_dyes:item/blurple_stained_glass_pane' referenced from: delicate_dyes:item/blurple_stained_glass_pane: java.io.FileNotFoundException: delicate_dyes:models/item/blurple_stained_glass_pane.json
[22:53:35] [Worker-Main-4/WARN] (Minecraft) Unable to load model: 'delicate_dyes:item/wasabi_shulker_box' referenced from: delicate_dyes:item/wasabi_shulker_box: java.io.FileNotFoundException: delicate_dyes:models/item/wasabi_shulker_box.json
[22:53:35] [Worker-Main-4/WARN] (Minecraft) Unable to load model: 'delicate_dyes:item/canary_banner' referenced from: delicate_dyes:item/canary_banner: java.io.FileNotFoundException: delicate_dyes:models/item/canary_banner.json
[22:53:35] [Worker-Main-4/WARN] (Minecraft) Unable to load model: 'delicate_dyes:item/canary_concrete' referenced from: delicate_dyes:item/canary_concrete: java.io.FileNotFoundException: delicate_dyes:models/item/canary_concrete.json
[22:53:35] [Worker-Main-4/WARN] (Minecraft) Unable to load model: 'delicate_dyes:item/sacramento_stained_glass' referenced from: delicate_dyes:item/sacramento_stained_glass: java.io.FileNotFoundException: delicate_dyes:models/item/sacramento_stained_glass.json
[22:53:35] [Worker-Main-4/WARN] (Minecraft) Unable to load model: 'delicate_dyes:item/wasabi_candle' referenced from: delicate_dyes:item/wasabi_candle: java.io.FileNotFoundException: delicate_dyes:models/item/wasabi_candle.json
[22:53:35] [Worker-Main-4/WARN] (Minecraft) Unable to load model: 'delicate_dyes:item/canary_concrete_powder' referenced from: delicate_dyes:item/canary_concrete_powder: java.io.FileNotFoundException: delicate_dyes:models/item/canary_concrete_powder.json
[22:53:35] [Worker-Main-4/WARN] (Minecraft) Unable to load model: 'delicate_dyes:item/sangria_banner' referenced from: delicate_dyes:item/sangria_banner: java.io.FileNotFoundException: delicate_dyes:models/item/sangria_banner.json
[22:53:35] [Worker-Main-4/WARN] (Minecraft) Unable to load model: 'delicate_dyes:item/wasabi_wool' referenced from: delicate_dyes:item/wasabi_wool: java.io.FileNotFoundException: delicate_dyes:models/item/wasabi_wool.json
[22:53:35] [Worker-Main-4/WARN] (Minecraft) Unable to load model: 'delicate_dyes:item/rose_candle' referenced from: delicate_dyes:item/rose_candle: java.io.FileNotFoundException: delicate_dyes:models/item/rose_candle.json
[22:53:35] [Worker-Main-4/WARN] (Minecraft) Unable to load model: 'delicate_dyes:item/sacramento_banner' referenced from: delicate_dyes:item/sacramento_banner: java.io.FileNotFoundException: delicate_dyes:models/item/sacramento_banner.json
[22:53:35] [Worker-Main-4/WARN] (Minecraft) Unable to load model: 'delicate_dyes:item/coral_candle' referenced from: delicate_dyes:item/coral_candle: java.io.FileNotFoundException: delicate_dyes:models/item/coral_candle.json
[22:53:35] [Worker-Main-4/WARN] (Minecraft) Unable to load model: 'delicate_dyes:item/sangria_dye' referenced from: delicate_dyes:item/sangria_dye: java.io.FileNotFoundException: delicate_dyes:models/item/sangria_dye.json
[22:53:35] [Worker-Main-4/WARN] (Minecraft) Unable to load model: 'delicate_dyes:item/rose_concrete_powder' referenced from: delicate_dyes:item/rose_concrete_powder: java.io.FileNotFoundException: delicate_dyes:models/item/rose_concrete_powder.json
[22:53:35] [Worker-Main-4/WARN] (Minecraft) Unable to load model: 'delicate_dyes:item/wasabi_concrete' referenced from: delicate_dyes:item/wasabi_concrete: java.io.FileNotFoundException: delicate_dyes:models/item/wasabi_concrete.json
[22:53:35] [Worker-Main-4/WARN] (Minecraft) Unable to load model: 'delicate_dyes:item/sacramento_candle' referenced from: delicate_dyes:item/sacramento_candle: java.io.FileNotFoundException: delicate_dyes:models/item/sacramento_candle.json
[22:53:35] [Worker-Main-4/WARN] (Minecraft) Unable to load model: 'delicate_dyes:item/sangria_stained_glass_pane' referenced from: delicate_dyes:item/sangria_stained_glass_pane: java.io.FileNotFoundException: delicate_dyes:models/item/sangria_stained_glass_pane.json
[22:53:35] [Worker-Main-4/WARN] (Minecraft) Unable to load model: 'delicate_dyes:item/blurple_candle' referenced from: delicate_dyes:item/blurple_candle: java.io.FileNotFoundException: delicate_dyes:models/item/blurple_candle.json
[22:53:35] [Worker-Main-4/WARN] (Minecraft) Unable to load model: 'delicate_dyes:item/wasabi_dye' referenced from: delicate_dyes:item/wasabi_dye: java.io.FileNotFoundException: delicate_dyes:models/item/wasabi_dye.json
[22:53:35] [Worker-Main-4/WARN] (Minecraft) Unable to load model: 'delicate_dyes:item/blurple_bed' referenced from: delicate_dyes:item/blurple_bed: java.io.FileNotFoundException: delicate_dyes:models/item/blurple_bed.json
[22:53:35] [Worker-Main-4/WARN] (Minecraft) Unable to load model: 'delicate_dyes:item/rose_shulker_box' referenced from: delicate_dyes:item/rose_shulker_box: java.io.FileNotFoundException: delicate_dyes:models/item/rose_shulker_box.json
[22:53:35] [Worker-Main-4/WARN] (Minecraft) Unable to load model: 'delicate_dyes:item/blurple_stained_glass' referenced from: delicate_dyes:item/blurple_stained_glass: java.io.FileNotFoundException: delicate_dyes:models/item/blurple_stained_glass.json
[22:53:35] [Worker-Main-4/WARN] (Minecraft) Unable to load model: 'delicate_dyes:item/rose' referenced from: delicate_dyes:item/rose: java.io.FileNotFoundException: delicate_dyes:models/item/rose.json
[22:53:35] [Worker-Main-4/WARN] (Minecraft) Unable to load model: 'delicate_dyes:item/blurple_concrete' referenced from: delicate_dyes:item/blurple_concrete: java.io.FileNotFoundException: delicate_dyes:models/item/blurple_concrete.json
[22:53:35] [Worker-Main-4/WARN] (Minecraft) Unable to load model: 'delicate_dyes:item/sangria_carpet' referenced from: delicate_dyes:item/sangria_carpet: java.io.FileNotFoundException: delicate_dyes:models/item/sangria_carpet.json
[22:53:35] [Worker-Main-4/WARN] (Minecraft) Unable to load model: 'delicate_dyes:item/rose_glazed_terracotta' referenced from: delicate_dyes:item/rose_glazed_terracotta: java.io.FileNotFoundException: delicate_dyes:models/item/rose_glazed_terracotta.json
[22:53:35] [Worker-Main-4/WARN] (Minecraft) Unable to load model: 'delicate_dyes:item/sacramento_concrete' referenced from: delicate_dyes:item/sacramento_concrete: java.io.FileNotFoundException: delicate_dyes:models/item/sacramento_concrete.json
[22:53:35] [Worker-Main-4/WARN] (Minecraft) Unable to load model: 'delicate_dyes:item/wasabi_stained_glass_pane' referenced from: delicate_dyes:item/wasabi_stained_glass_pane: java.io.FileNotFoundException: delicate_dyes:models/item/wasabi_stained_glass_pane.json
[22:53:35] [Worker-Main-4/WARN] (Minecraft) Unable to load model: 'delicate_dyes:item/sky_terracotta' referenced from: delicate_dyes:item/sky_terracotta: java.io.FileNotFoundException: delicate_dyes:models/item/sky_terracotta.json
[22:53:35] [Worker-Main-4/WARN] (Minecraft) Unable to load model: 'delicate_dyes:item/sky_bed' referenced from: delicate_dyes:item/sky_bed: java.io.FileNotFoundException: delicate_dyes:models/item/sky_bed.json
[22:53:35] [Worker-Main-4/WARN] (Minecraft) Unable to load model: 'delicate_dyes:item/canary_carpet' referenced from: delicate_dyes:item/canary_carpet: java.io.FileNotFoundException: delicate_dyes:models/item/canary_carpet.json
[22:53:35] [Worker-Main-4/WARN] (Minecraft) Unable to load model: 'delicate_dyes:item/sky_dye' referenced from: delicate_dyes:item/sky_dye: java.io.FileNotFoundException: delicate_dyes:models/item/sky_dye.json
[22:53:35] [Worker-Main-4/WARN] (Minecraft) Unable to load model: 'delicate_dyes:item/rose_bed' referenced from: delicate_dyes:item/rose_bed: java.io.FileNotFoundException: delicate_dyes:models/item/rose_bed.json
[22:53:35] [Worker-Main-4/WARN] (Minecraft) Unable to load model: 'delicate_dyes:item/rose_wool' referenced from: delicate_dyes:item/rose_wool: java.io.FileNotFoundException: delicate_dyes:models/item/rose_wool.json
[22:53:35] [Worker-Main-4/WARN] (Minecraft) Unable to load model: 'delicate_dyes:item/sacramento_terracotta' referenced from: delicate_dyes:item/sacramento_terracotta: java.io.FileNotFoundException: delicate_dyes:models/item/sacramento_terracotta.json
[22:53:35] [Worker-Main-4/WARN] (Minecraft) Unable to load model: 'delicate_dyes:item/sacramento_stained_glass_pane' referenced from: delicate_dyes:item/sacramento_stained_glass_pane: java.io.FileNotFoundException: delicate_dyes:models/item/sacramento_stained_glass_pane.json
[22:53:35] [Worker-Main-4/WARN] (Minecraft) Unable to load model: 'delicate_dyes:item/sacramento_wool' referenced from: delicate_dyes:item/sacramento_wool: java.io.FileNotFoundException: delicate_dyes:models/item/sacramento_wool.json
[22:53:35] [Worker-Main-4/WARN] (Minecraft) Unable to load model: 'delicate_dyes:item/sacramento_concrete_powder' referenced from: delicate_dyes:item/sacramento_concrete_powder: java.io.FileNotFoundException: delicate_dyes:models/item/sacramento_concrete_powder.json
[22:53:35] [Worker-Main-4/WARN] (Minecraft) Unable to load model: 'delicate_dyes:item/rose_stained_glass_pane' referenced from: delicate_dyes:item/rose_stained_glass_pane: java.io.FileNotFoundException: delicate_dyes:models/item/rose_stained_glass_pane.json
[22:53:35] [Worker-Main-4/WARN] (Minecraft) Unable to load model: 'delicate_dyes:item/blurple_glazed_terracotta' referenced from: delicate_dyes:item/blurple_glazed_terracotta: java.io.FileNotFoundException: delicate_dyes:models/item/blurple_glazed_terracotta.json
[22:53:35] [Worker-Main-4/WARN] (Minecraft) Unable to load model: 'delicate_dyes:item/sangria_terracotta' referenced from: delicate_dyes:item/sangria_terracotta: java.io.FileNotFoundException: delicate_dyes:models/item/sangria_terracotta.json
[22:53:35] [Worker-Main-4/WARN] (Minecraft) Unable to load model: 'delicate_dyes:item/sky_concrete_powder' referenced from: delicate_dyes:item/sky_concrete_powder: java.io.FileNotFoundException: delicate_dyes:models/item/sky_concrete_powder.json
[22:53:35] [Worker-Main-4/WARN] (Minecraft) Unable to load model: 'delicate_dyes:item/sky_shulker_box' referenced from: delicate_dyes:item/sky_shulker_box: java.io.FileNotFoundException: delicate_dyes:models/item/sky_shulker_box.json
[22:53:35] [Worker-Main-4/WARN] (Minecraft) Unable to load model: 'delicate_dyes:item/rose_concrete' referenced from: delicate_dyes:item/rose_concrete: java.io.FileNotFoundException: delicate_dyes:models/item/rose_concrete.json
[22:53:35] [Worker-Main-4/WARN] (Minecraft) Unable to load model: 'delicate_dyes:item/coral_shulker_box' referenced from: delicate_dyes:item/coral_shulker_box: java.io.FileNotFoundException: delicate_dyes:models/item/coral_shulker_box.json
[22:53:35] [Worker-Main-4/WARN] (Minecraft) Unable to load model: 'delicate_dyes:item/wasabi_bed' referenced from: delicate_dyes:item/wasabi_bed: java.io.FileNotFoundException: delicate_dyes:models/item/wasabi_bed.json
[22:53:35] [Worker-Main-4/WARN] (Minecraft) Unable to load model: 'delicate_dyes:item/canary_terracotta' referenced from: delicate_dyes:item/canary_terracotta: java.io.FileNotFoundException: delicate_dyes:models/item/canary_terracotta.json
[22:53:35] [Worker-Main-4/WARN] (Minecraft) Unable to load model: 'delicate_dyes:item/goob_blossom' referenced from: delicate_dyes:item/goob_blossom: java.io.FileNotFoundException: delicate_dyes:models/item/goob_blossom.json
[22:53:35] [Worker-Main-4/WARN] (Minecraft) Unable to load model: 'delicate_dyes:item/coral_dye' referenced from: delicate_dyes:item/coral_dye: java.io.FileNotFoundException: delicate_dyes:models/item/coral_dye.json
[22:53:35] [Worker-Main-4/WARN] (Minecraft) Unable to load model: 'delicate_dyes:item/sky_concrete' referenced from: delicate_dyes:item/sky_concrete: java.io.FileNotFoundException: delicate_dyes:models/item/sky_concrete.json
[22:53:35] [Worker-Main-4/WARN] (Minecraft) Unable to load model: 'delicate_dyes:item/wasabi_carpet' referenced from: delicate_dyes:item/wasabi_carpet: java.io.FileNotFoundException: delicate_dyes:models/item/wasabi_carpet.json
[22:53:35] [Worker-Main-4/WARN] (Minecraft) Unable to load model: 'delicate_dyes:item/sacramento_carpet' referenced from: delicate_dyes:item/sacramento_carpet: java.io.FileNotFoundException: delicate_dyes:models/item/sacramento_carpet.json
[22:53:35] [Worker-Main-4/WARN] (Minecraft) Unable to load model: 'delicate_dyes:item/coral_carpet' referenced from: delicate_dyes:item/coral_carpet: java.io.FileNotFoundException: delicate_dyes:models/item/coral_carpet.json
[22:53:35] [Worker-Main-4/WARN] (Minecraft) Unable to load model: 'delicate_dyes:item/blurple_banner' referenced from: delicate_dyes:item/blurple_banner: java.io.FileNotFoundException: delicate_dyes:models/item/blurple_banner.json
[22:53:35] [Worker-Main-4/WARN] (Minecraft) Unable to load model: 'delicate_dyes:item/sky_banner' referenced from: delicate_dyes:item/sky_banner: java.io.FileNotFoundException: delicate_dyes:models/item/sky_banner.json
[22:53:35] [Worker-Main-4/WARN] (Minecraft) Unable to load model: 'delicate_dyes:item/sangria_candle' referenced from: delicate_dyes:item/sangria_candle: java.io.FileNotFoundException: delicate_dyes:models/item/sangria_candle.json
[22:53:35] [Worker-Main-4/WARN] (Minecraft) Unable to load model: 'delicate_dyes:item/peach_bellflower' referenced from: delicate_dyes:item/peach_bellflower: java.io.FileNotFoundException: delicate_dyes:models/item/peach_bellflower.json
[22:53:35] [Worker-Main-4/WARN] (Minecraft) Unable to load model: 'delicate_dyes:item/rose_dye' referenced from: delicate_dyes:item/rose_dye: java.io.FileNotFoundException: delicate_dyes:models/item/rose_dye.json
[22:53:35] [Worker-Main-4/WARN] (Minecraft) Unable to load model: 'delicate_dyes:item/coral_concrete' referenced from: delicate_dyes:item/coral_concrete: java.io.FileNotFoundException: delicate_dyes:models/item/coral_concrete.json
[22:53:35] [Worker-Main-4/WARN] (Minecraft) Unable to load model: 'delicate_dyes:item/canary_stained_glass_pane' referenced from: delicate_dyes:item/canary_stained_glass_pane: java.io.FileNotFoundException: delicate_dyes:models/item/canary_stained_glass_pane.json
[22:53:35] [Worker-Main-4/WARN] (Minecraft) Unable to load model: 'delicate_dyes:item/sangria_shulker_box' referenced from: delicate_dyes:item/sangria_shulker_box: java.io.FileNotFoundException: delicate_dyes:models/item/sangria_shulker_box.json
[22:53:35] [Worker-Main-4/WARN] (Minecraft) Unable to load model: 'delicate_dyes:item/canary_shulker_box' referenced from: delicate_dyes:item/canary_shulker_box: java.io.FileNotFoundException: delicate_dyes:models/item/canary_shulker_box.json
[22:53:35] [Worker-Main-4/WARN] (Minecraft) Unable to load model: 'delicate_dyes:item/sangria_wool' referenced from: delicate_dyes:item/sangria_wool: java.io.FileNotFoundException: delicate_dyes:models/item/sangria_wool.json
[22:53:35] [Worker-Main-4/WARN] (Minecraft) Unable to load model: 'delicate_dyes:item/rose_stained_glass' referenced from: delicate_dyes:item/rose_stained_glass: java.io.FileNotFoundException: delicate_dyes:models/item/rose_stained_glass.json
[22:53:35] [Worker-Main-4/WARN] (Minecraft) Unable to load model: 'delicate_dyes:item/sangria_stained_glass' referenced from: delicate_dyes:item/sangria_stained_glass: java.io.FileNotFoundException: delicate_dyes:models/item/sangria_stained_glass.json
[22:53:35] [Worker-Main-4/WARN] (Minecraft) Unable to load model: 'delicate_dyes:item/sangria_bed' referenced from: delicate_dyes:item/sangria_bed: java.io.FileNotFoundException: delicate_dyes:models/item/sangria_bed.json
[22:53:35] [Render thread/WARN] (Minecraft) Missing sound for event: minecraft:item.goat_horn.play
[22:53:35] [Render thread/WARN] (Minecraft) Missing sound for event: minecraft:entity.goat.screaming.horn_break
[22:53:35] [Render thread/INFO] (Minecraft) OpenAL initialized on device OpenAL Soft on Speakers (HyperX Cloud Stinger Core (Wireless) – PS)
[22:53:35] [Render thread/INFO] (Minecraft) Sound engine started
[22:53:35] [Render thread/INFO] (Minecraft) Created: 1024x512x4 minecraft:textures/atlas/blocks.png-atlas
[22:53:35] [Render thread/INFO] (Minecraft) Created: 256x256x4 minecraft:textures/atlas/signs.png-atlas
[22:53:35] [Render thread/INFO] (Minecraft) Created: 512x512x4 minecraft:textures/atlas/banner_patterns.png-atlas
[22:53:35] [Render thread/INFO] (Minecraft) Created: 512x512x4 minecraft:textures/atlas/shield_patterns.png-atlas
[22:53:35] [Render thread/INFO] (Minecraft) Created: 1024x1024x4 minecraft:textures/atlas/armor_trims.png-atlas
[22:53:35] [Render thread/INFO] (Minecraft) Created: 256x256x4 minecraft:textures/atlas/chest.png-atlas
[22:53:35] [Render thread/INFO] (Minecraft) Created: 128x64x4 minecraft:textures/atlas/decorated_pot.png-atlas
[22:53:35] [Render thread/INFO] (Minecraft) Created: 512x256x4 minecraft:textures/atlas/beds.png-atlas
[22:53:35] [Render thread/INFO] (Minecraft) Created: 512x256x4 minecraft:textures/atlas/shulker_boxes.png-atlas
[22:53:35] [Render thread/INFO] (Minecraft) Created: 512x256x0 minecraft:textures/atlas/particles.png-atlas
[22:53:35] [Render thread/INFO] (Minecraft) Created: 512x256x0 minecraft:textures/atlas/paintings.png-atlas
[22:53:35] [Render thread/INFO] (Minecraft) Created: 256x128x0 minecraft:textures/atlas/mob_effects.png-atlas
[22:53:35] [Render thread/INFO] (Minecraft) Created: 64x64x0 minecraft:textures/atlas/map_decorations.png-atlas
[22:53:35] [Render thread/INFO] (Minecraft) Created: 1024x512x0 minecraft:textures/atlas/gui.png-atlas
[22:53:36] [Render thread/WARN] (Minecraft) Shader rendertype_entity_translucent_emissive could not find sampler named Sampler2 in the specified shader program.
[22:53:39] [Worker-Main-2/ERROR] (Minecraft) Couldn't parse element minecraft:loot_table/delicate_dyes:entities/sheep/coral - No key value in MapLike[{"type":"minecraft:loot_table","name":"minecraft:entities/sheep"}]
[22:53:39] [Worker-Main-2/ERROR] (Minecraft) Couldn't parse element minecraft:loot_table/delicate_dyes:entities/sheep/blurple - No key value in MapLike[{"type":"minecraft:loot_table","name":"minecraft:entities/sheep"}]
[22:53:39] [Worker-Main-2/ERROR] (Minecraft) Couldn't parse element minecraft:loot_table/delicate_dyes:entities/sheep/rose - No key value in MapLike[{"type":"minecraft:loot_table","name":"minecraft:entities/sheep"}]
[22:53:39] [Worker-Main-2/ERROR] (Minecraft) Couldn't parse element minecraft:loot_table/delicate_dyes:entities/sheep/sangria - No key value in MapLike[{"type":"minecraft:loot_table","name":"minecraft:entities/sheep"}]
[22:53:39] [Worker-Main-2/ERROR] (Minecraft) Couldn't parse element minecraft:loot_table/delicate_dyes:entities/sheep/wasabi - No key value in MapLike[{"type":"minecraft:loot_table","name":"minecraft:entities/sheep"}]
[22:53:39] [Worker-Main-2/ERROR] (Minecraft) Couldn't parse element minecraft:loot_table/delicate_dyes:entities/sheep/sky - No key value in MapLike[{"type":"minecraft:loot_table","name":"minecraft:entities/sheep"}]
[22:53:39] [Worker-Main-2/ERROR] (Minecraft) Couldn't parse element minecraft:loot_table/delicate_dyes:entities/sheep/sacramento - No key value in MapLike[{"type":"minecraft:loot_table","name":"minecraft:entities/sheep"}]
[22:53:39] [Worker-Main-2/ERROR] (Minecraft) Couldn't parse element minecraft:loot_table/delicate_dyes:entities/sheep/canary - No key value in MapLike[{"type":"minecraft:loot_table","name":"minecraft:entities/sheep"}]
[22:53:40] [Render thread/INFO] (Minecraft) Loaded 1290 recipes
[22:53:40] [Render thread/INFO] (Minecraft) Loaded 1399 advancements
[22:53:40] [Render thread/INFO] (BiomeModificationImpl) Applied 16 biome modifications to 10 of 64 new biomes in 6.007 ms
[22:53:40] [Server thread/INFO] (Minecraft) Starting integrated minecraft server version 1.21.1
[22:53:40] [Server thread/INFO] (Minecraft) Generating keypair
[22:53:40] [Server thread/INFO] (Minecraft) Preparing start region for dimension minecraft:overworld
[22:53:41] [Render thread/INFO] (Minecraft) Preparing spawn area: 0%
[22:53:41] [Render thread/INFO] (Minecraft) Time elapsed: 216 ms
[22:53:41] [Server thread/INFO] (Minecraft) Changing view distance to 16, from 10
[22:53:41] [Server thread/INFO] (Minecraft) Changing simulation distance to 5, from 0
[22:53:41] [Server thread/INFO] (Minecraft) Player636[local:E:f8adbdb6] logged in with entity id 9 at (0.5, -60.0, 6.5)
[22:53:41] [Server thread/INFO] (Minecraft) Player636 joined the game
[22:53:42] [Render thread/INFO] (Minecraft) Loaded 2 advancements
[22:53:42] [Render thread/ERROR] (Minecraft) Failed to handle packet net.minecraft.network.protocol.game.ClientboundLevelChunkWithLightPacket@5e582b00
java.lang.IllegalArgumentException: No value with id -1
	at knot/net.minecraft.core.IdMap.byIdOrThrow(IdMap.java:19) ~[minecraft-merged-eb819cc0a7-1.21.1-loom.mappings.1_21_1.layered+hash.288375958-v2.jar:?]
	at knot/net.minecraft.world.level.chunk.LinearPalette.read(LinearPalette.java:83) ~[minecraft-merged-eb819cc0a7-1.21.1-loom.mappings.1_21_1.layered+hash.288375958-v2.jar:?]
	at knot/net.minecraft.world.level.chunk.PalettedContainer.read(PalettedContainer.java:175) ~[minecraft-merged-eb819cc0a7-1.21.1-loom.mappings.1_21_1.layered+hash.288375958-v2.jar:?]
	at knot/net.minecraft.world.level.chunk.LevelChunkSection.read(LevelChunkSection.java:157) ~[minecraft-merged-eb819cc0a7-1.21.1-loom.mappings.1_21_1.layered+hash.288375958-v2.jar:?]
	at knot/net.minecraft.world.level.chunk.LevelChunk.replaceWithPacketData(LevelChunk.java:485) ~[minecraft-merged-eb819cc0a7-1.21.1-loom.mappings.1_21_1.layered+hash.288375958-v2.jar:?]
	at knot/net.minecraft.client.multiplayer.ClientChunkCache.replaceWithPacketData(ClientChunkCache.java:117) ~[minecraft-merged-eb819cc0a7-1.21.1-loom.mappings.1_21_1.layered+hash.288375958-v2.jar:?]
	at knot/net.minecraft.client.multiplayer.ClientPacketListener.updateLevelChunk(ClientPacketListener.java:790) ~[minecraft-merged-eb819cc0a7-1.21.1-loom.mappings.1_21_1.layered+hash.288375958-v2.jar:?]
	at knot/net.minecraft.client.multiplayer.ClientPacketListener.handleLevelChunkWithLight(ClientPacketListener.java:755) ~[minecraft-merged-eb819cc0a7-1.21.1-loom.mappings.1_21_1.layered+hash.288375958-v2.jar:?]
	at knot/net.minecraft.network.protocol.game.ClientboundLevelChunkWithLightPacket.handle(ClientboundLevelChunkWithLightPacket.java:53) ~[minecraft-merged-eb819cc0a7-1.21.1-loom.mappings.1_21_1.layered+hash.288375958-v2.jar:?]
	at knot/net.minecraft.network.protocol.game.ClientboundLevelChunkWithLightPacket.handle(ClientboundLevelChunkWithLightPacket.java:14) ~[minecraft-merged-eb819cc0a7-1.21.1-loom.mappings.1_21_1.layered+hash.288375958-v2.jar:?]
	at knot/net.minecraft.network.protocol.PacketUtils.method_11072(PacketUtils.java:27) ~[minecraft-merged-eb819cc0a7-1.21.1-loom.mappings.1_21_1.layered+hash.288375958-v2.jar:?]
	at knot/net.minecraft.util.thread.BlockableEventLoop.doRunTask(BlockableEventLoop.java:162) [minecraft-merged-eb819cc0a7-1.21.1-loom.mappings.1_21_1.layered+hash.288375958-v2.jar:?]
	at knot/net.minecraft.util.thread.ReentrantBlockableEventLoop.doRunTask(ReentrantBlockableEventLoop.java:23) [minecraft-merged-eb819cc0a7-1.21.1-loom.mappings.1_21_1.layered+hash.288375958-v2.jar:?]
	at knot/net.minecraft.util.thread.BlockableEventLoop.pollTask(BlockableEventLoop.java:136) [minecraft-merged-eb819cc0a7-1.21.1-loom.mappings.1_21_1.layered+hash.288375958-v2.jar:?]
	at knot/net.minecraft.util.thread.BlockableEventLoop.runAllTasks(BlockableEventLoop.java:121) [minecraft-merged-eb819cc0a7-1.21.1-loom.mappings.1_21_1.layered+hash.288375958-v2.jar:?]
	at knot/net.minecraft.client.Minecraft.runTick(Minecraft.java:1240) [minecraft-merged-eb819cc0a7-1.21.1-loom.mappings.1_21_1.layered+hash.288375958-v2.jar:?]
	at knot/net.minecraft.client.Minecraft.run(Minecraft.java:882) [minecraft-merged-eb819cc0a7-1.21.1-loom.mappings.1_21_1.layered+hash.288375958-v2.jar:?]
	at knot/net.minecraft.client.main.Main.main(Main.java:256) [minecraft-merged-eb819cc0a7-1.21.1-loom.mappings.1_21_1.layered+hash.288375958-v2.jar:?]
	at net.fabricmc.loader.impl.game.minecraft.MinecraftGameProvider.launch(MinecraftGameProvider.java:480) [fabric-loader-0.16.9.jar:?]
	at net.fabricmc.loader.impl.launch.knot.Knot.launch(Knot.java:74) [fabric-loader-0.16.9.jar:?]
	at net.fabricmc.loader.impl.launch.knot.KnotClient.main(KnotClient.java:23) [fabric-loader-0.16.9.jar:?]
	at net.fabricmc.devlaunchinjector.Main.main(Main.java:86) [dev-launch-injector-0.2.1+build.8.jar:?]
[22:53:42] [Server thread/INFO] (Minecraft) Player636 lost connection: Disconnected
[22:53:42] [Server thread/INFO] (Minecraft) Player636 left the game
[22:53:42] [Server thread/INFO] (Minecraft) Stopping singleplayer server as player logged out
[22:53:42] [Server thread/INFO] (Minecraft) Stopping server
[22:53:42] [Server thread/INFO] (Minecraft) Saving players
[22:53:42] [Server thread/INFO] (Minecraft) Saving worlds
[22:53:42] [Server thread/INFO] (Minecraft) Saving chunks for level 'ServerLevel[New World]'/minecraft:overworld
[22:53:42] [Server thread/INFO] (Minecraft) Saving chunks for level 'ServerLevel[New World]'/minecraft:the_end
[22:53:42] [Server thread/INFO] (Minecraft) Saving chunks for level 'ServerLevel[New World]'/minecraft:the_nether
[22:53:42] [Server thread/INFO] (Minecraft) ThreadedAnvilChunkStorage (New World (6)): All chunks are saved
[22:53:42] [Server thread/INFO] (Minecraft) ThreadedAnvilChunkStorage (DIM1): All chunks are saved
[22:53:42] [Server thread/INFO] (Minecraft) ThreadedAnvilChunkStorage (DIM-1): All chunks are saved
[22:53:42] [Server thread/INFO] (Minecraft) ThreadedAnvilChunkStorage: All dimensions are saved
[22:53:42] [Render thread/WARN] (Minecraft) Client disconnected with reason: Network Protocol Error
[22:53:45] [Worker-Main-3/ERROR] (Minecraft) Couldn't parse element minecraft:loot_table/delicate_dyes:entities/sheep/coral - No key value in MapLike[{"type":"minecraft:loot_table","name":"minecraft:entities/sheep"}]
[22:53:45] [Worker-Main-3/ERROR] (Minecraft) Couldn't parse element minecraft:loot_table/delicate_dyes:entities/sheep/blurple - No key value in MapLike[{"type":"minecraft:loot_table","name":"minecraft:entities/sheep"}]
[22:53:45] [Worker-Main-3/ERROR] (Minecraft) Couldn't parse element minecraft:loot_table/delicate_dyes:entities/sheep/rose - No key value in MapLike[{"type":"minecraft:loot_table","name":"minecraft:entities/sheep"}]
[22:53:45] [Worker-Main-3/ERROR] (Minecraft) Couldn't parse element minecraft:loot_table/delicate_dyes:entities/sheep/sangria - No key value in MapLike[{"type":"minecraft:loot_table","name":"minecraft:entities/sheep"}]
[22:53:45] [Worker-Main-3/ERROR] (Minecraft) Couldn't parse element minecraft:loot_table/delicate_dyes:entities/sheep/wasabi - No key value in MapLike[{"type":"minecraft:loot_table","name":"minecraft:entities/sheep"}]
[22:53:45] [Worker-Main-3/ERROR] (Minecraft) Couldn't parse element minecraft:loot_table/delicate_dyes:entities/sheep/sky - No key value in MapLike[{"type":"minecraft:loot_table","name":"minecraft:entities/sheep"}]
[22:53:45] [Worker-Main-3/ERROR] (Minecraft) Couldn't parse element minecraft:loot_table/delicate_dyes:entities/sheep/sacramento - No key value in MapLike[{"type":"minecraft:loot_table","name":"minecraft:entities/sheep"}]
[22:53:45] [Worker-Main-3/ERROR] (Minecraft) Couldn't parse element minecraft:loot_table/delicate_dyes:entities/sheep/canary - No key value in MapLike[{"type":"minecraft:loot_table","name":"minecraft:entities/sheep"}]
[22:53:45] [Render thread/INFO] (Minecraft) Loaded 1290 recipes
[22:53:45] [Render thread/INFO] (Minecraft) Loaded 1399 advancements
[22:53:47] [Render thread/INFO] (BiomeModificationImpl) Applied 16 biome modifications to 10 of 64 new biomes in 1.067 ms
[22:53:47] [Server thread/INFO] (Minecraft) Starting integrated minecraft server version 1.21.1
[22:53:47] [Server thread/INFO] (Minecraft) Generating keypair
[22:53:48] [Server thread/INFO] (Minecraft) Preparing start region for dimension minecraft:overworld
[22:53:48] [Render thread/INFO] (Minecraft) Preparing spawn area: 2%
[22:53:48] [Server thread/INFO] (Minecraft) Changing view distance to 16, from 10
[22:53:48] [Server thread/INFO] (Minecraft) Changing simulation distance to 5, from 0
[22:53:48] [Render thread/INFO] (Minecraft) Time elapsed: 91 ms
[22:53:48] [Server thread/INFO] (Minecraft) Player636[local:E:6736e107] logged in with entity id 79 at (-5.5, -60.0, -3.5)
[22:53:48] [Server thread/INFO] (Minecraft) Player636 joined the game
[22:53:48] [Render thread/INFO] (Minecraft) Loaded 2 advancements
[22:53:54] [Server thread/INFO] (Minecraft) [Player636: Changed the block at -6, -60, -4]
[22:53:54] [Render thread/INFO] (Minecraft) [System] [CHAT] Changed the block at -6, -60, -4
[22:53:54] [Netty Server IO #3/ERROR] (Minecraft) Error sending packet clientbound/minecraft:block_update
io.netty.handler.codec.EncoderException: Failed to encode packet 'clientbound/minecraft:block_update'
	at knot/net.minecraft.network.codec.IdDispatchCodec.encode(IdDispatchCodec.java:55) ~[minecraft-merged-eb819cc0a7-1.21.1-loom.mappings.1_21_1.layered+hash.288375958-v2.jar:?]
	at knot/net.minecraft.network.codec.IdDispatchCodec.encode(IdDispatchCodec.java:14) ~[minecraft-merged-eb819cc0a7-1.21.1-loom.mappings.1_21_1.layered+hash.288375958-v2.jar:?]
	at knot/net.minecraft.network.PacketEncoder.encode(PacketEncoder.java:26) ~[minecraft-merged-eb819cc0a7-1.21.1-loom.mappings.1_21_1.layered+hash.288375958-v2.jar:?]
	at knot/net.minecraft.network.PacketEncoder.encode(PacketEncoder.java:12) ~[minecraft-merged-eb819cc0a7-1.21.1-loom.mappings.1_21_1.layered+hash.288375958-v2.jar:?]
	at knot/io.netty.handler.codec.MessageToByteEncoder.write(MessageToByteEncoder.java:107) ~[netty-codec-4.1.97.Final.jar:?]
	at knot/io.netty.channel.AbstractChannelHandlerContext.invokeWrite0(AbstractChannelHandlerContext.java:881) ~[netty-transport-4.1.97.Final.jar:?]
	at knot/io.netty.channel.AbstractChannelHandlerContext.invokeWrite(AbstractChannelHandlerContext.java:863) ~[netty-transport-4.1.97.Final.jar:?]
	at knot/io.netty.channel.AbstractChannelHandlerContext.write(AbstractChannelHandlerContext.java:968) ~[netty-transport-4.1.97.Final.jar:?]
	at knot/io.netty.channel.AbstractChannelHandlerContext.write(AbstractChannelHandlerContext.java:856) ~[netty-transport-4.1.97.Final.jar:?]
	at knot/io.netty.handler.codec.MessageToMessageEncoder.write(MessageToMessageEncoder.java:113) ~[netty-codec-4.1.97.Final.jar:?]
	at knot/io.netty.channel.AbstractChannelHandlerContext.invokeWrite0(AbstractChannelHandlerContext.java:881) ~[netty-transport-4.1.97.Final.jar:?]
	at knot/io.netty.channel.AbstractChannelHandlerContext.invokeWrite(AbstractChannelHandlerContext.java:863) ~[netty-transport-4.1.97.Final.jar:?]
	at knot/io.netty.channel.AbstractChannelHandlerContext.write(AbstractChannelHandlerContext.java:968) ~[netty-transport-4.1.97.Final.jar:?]
	at knot/io.netty.channel.AbstractChannelHandlerContext.write(AbstractChannelHandlerContext.java:856) ~[netty-transport-4.1.97.Final.jar:?]
	at knot/io.netty.channel.ChannelOutboundHandlerAdapter.write(ChannelOutboundHandlerAdapter.java:113) ~[netty-transport-4.1.97.Final.jar:?]
	at knot/net.minecraft.network.Connection$2.write(Connection.java:530) ~[minecraft-merged-eb819cc0a7-1.21.1-loom.mappings.1_21_1.layered+hash.288375958-v2.jar:?]
	at knot/io.netty.channel.AbstractChannelHandlerContext.invokeWrite0(AbstractChannelHandlerContext.java:881) ~[netty-transport-4.1.97.Final.jar:?]
	at knot/io.netty.channel.AbstractChannelHandlerContext.invokeWrite(AbstractChannelHandlerContext.java:863) ~[netty-transport-4.1.97.Final.jar:?]
	at knot/io.netty.channel.AbstractChannelHandlerContext.write(AbstractChannelHandlerContext.java:968) ~[netty-transport-4.1.97.Final.jar:?]
	at knot/io.netty.channel.AbstractChannelHandlerContext.write(AbstractChannelHandlerContext.java:856) ~[netty-transport-4.1.97.Final.jar:?]
	at knot/io.netty.channel.AbstractChannelHandlerContext.write(AbstractChannelHandlerContext.java:851) ~[netty-transport-4.1.97.Final.jar:?]
	at knot/io.netty.channel.DefaultChannelPipeline.write(DefaultChannelPipeline.java:1010) ~[netty-transport-4.1.97.Final.jar:?]
	at knot/io.netty.channel.AbstractChannel.write(AbstractChannel.java:296) ~[netty-transport-4.1.97.Final.jar:?]
	at knot/net.minecraft.network.Connection.doSendPacket(Connection.java:350) ~[minecraft-merged-eb819cc0a7-1.21.1-loom.mappings.1_21_1.layered+hash.288375958-v2.jar:?]
	at knot/net.minecraft.network.Connection.method_52917(Connection.java:345) ~[minecraft-merged-eb819cc0a7-1.21.1-loom.mappings.1_21_1.layered+hash.288375958-v2.jar:?]
	at knot/io.netty.util.concurrent.AbstractEventExecutor.runTask(AbstractEventExecutor.java:174) ~[netty-common-4.1.97.Final.jar:?]
	at knot/io.netty.util.concurrent.AbstractEventExecutor.safeExecute(AbstractEventExecutor.java:167) ~[netty-common-4.1.97.Final.jar:?]
	at knot/io.netty.util.concurrent.SingleThreadEventExecutor.runAllTasks(SingleThreadEventExecutor.java:470) ~[netty-common-4.1.97.Final.jar:?]
	at knot/io.netty.channel.nio.NioEventLoop.run(NioEventLoop.java:569) ~[netty-transport-4.1.97.Final.jar:?]
	at knot/io.netty.util.concurrent.SingleThreadEventExecutor$4.run(SingleThreadEventExecutor.java:997) ~[netty-common-4.1.97.Final.jar:?]
	at knot/io.netty.util.internal.ThreadExecutorMap$2.run(ThreadExecutorMap.java:74) ~[netty-common-4.1.97.Final.jar:?]
	at java.base/java.lang.Thread.run(Thread.java:1583) [?:?]
Caused by: java.lang.IllegalArgumentException: Can't find id for 'Block{delicate_dyes:test}' in map net.minecraft.core.IdMapper@1c37d663
	at knot/net.minecraft.core.IdMap.getIdOrThrow(IdMap.java:27) ~[minecraft-merged-eb819cc0a7-1.21.1-loom.mappings.1_21_1.layered+hash.288375958-v2.jar:?]
	at knot/net.minecraft.network.codec.ByteBufCodecs$22.encode(ByteBufCodecs.java:460) ~[minecraft-merged-eb819cc0a7-1.21.1-loom.mappings.1_21_1.layered+hash.288375958-v2.jar:?]
	at knot/net.minecraft.network.codec.ByteBufCodecs$22.encode(ByteBufCodecs.java:451) ~[minecraft-merged-eb819cc0a7-1.21.1-loom.mappings.1_21_1.layered+hash.288375958-v2.jar:?]
	at knot/net.minecraft.network.codec.StreamCodec$8.encode(StreamCodec.java:157) ~[minecraft-merged-eb819cc0a7-1.21.1-loom.mappings.1_21_1.layered+hash.288375958-v2.jar:?]
	at knot/net.minecraft.network.codec.StreamCodec$5.encode(StreamCodec.java:97) ~[minecraft-merged-eb819cc0a7-1.21.1-loom.mappings.1_21_1.layered+hash.288375958-v2.jar:?]
	at knot/net.minecraft.network.codec.StreamCodec$5.encode(StreamCodec.java:87) ~[minecraft-merged-eb819cc0a7-1.21.1-loom.mappings.1_21_1.layered+hash.288375958-v2.jar:?]
	at knot/net.minecraft.network.codec.IdDispatchCodec.encode(IdDispatchCodec.java:53) ~[minecraft-merged-eb819cc0a7-1.21.1-loom.mappings.1_21_1.layered+hash.288375958-v2.jar:?]
	... 31 more
[22:53:54] [Server thread/INFO] (Minecraft) Player636 lost connection: Internal Exception: io.netty.handler.codec.EncoderException: Failed to encode packet 'clientbound/minecraft:block_update'
[22:53:54] [Server thread/INFO] (Minecraft) Player636 left the game
[22:53:54] [Server thread/INFO] (Minecraft) Stopping singleplayer server as player logged out
[22:53:54] [Server thread/INFO] (Minecraft) Stopping server
[22:53:54] [Server thread/INFO] (Minecraft) Saving players
[22:53:54] [Server thread/INFO] (Minecraft) Saving worlds
[22:53:54] [Server thread/INFO] (Minecraft) Saving chunks for level 'ServerLevel[New World]'/minecraft:overworld
[22:53:55] [Server thread/INFO] (Minecraft) Saving chunks for level 'ServerLevel[New World]'/minecraft:the_end
[22:53:55] [Server thread/INFO] (Minecraft) Saving chunks for level 'ServerLevel[New World]'/minecraft:the_nether
[22:53:55] [Server thread/INFO] (Minecraft) ThreadedAnvilChunkStorage (New World (7)): All chunks are saved
[22:53:55] [Server thread/INFO] (Minecraft) ThreadedAnvilChunkStorage (DIM1): All chunks are saved
[22:53:55] [Server thread/INFO] (Minecraft) ThreadedAnvilChunkStorage (DIM-1): All chunks are saved
[22:53:55] [Server thread/INFO] (Minecraft) ThreadedAnvilChunkStorage: All dimensions are saved
[22:53:55] [Render thread/WARN] (Minecraft) Client disconnected with reason: Internal Exception: io.netty.handler.codec.EncoderException: Failed to encode packet 'clientbound/minecraft:block_update'
